Date,Adjusted_Close,Close,High,Low,Open,Volume
2021-10-15,120.0,120.0,124.0,112.0,120.4000015258789,71090
2021-10-18,117.0,117.0,121.0,115.0,117.5999984741211,19740
2021-10-19,121.0,121.0,124.9000015258789,114.5,117.0999984741211,17200
2021-10-20,122.19999694824219,122.19999694824219,123.0,116.0,121.0999984741211,9550
2021-10-21,125.9000015258789,125.9000015258789,133.89999389648438,119.80000305175781,122.69999694824219,11500
2021-10-22,120.4000015258789,120.4000015258789,129.5,117.76000213623047,124.80000305175781,10970
2021-10-25,119.9000015258789,119.9000015258789,126.0,113.30000305175781,121.4000015258789,12380
2021-10-26,124.4000015258789,124.4000015258789,125.80999755859375,116.30000305175781,117.5,10590
2021-10-27,135.60000610351562,135.60000610351562,136.8000030517578,121.30000305175781,124.4000015258789,4890
2021-10-28,145.10000610351562,145.10000610351562,145.35000610351562,127.30000305175781,133.89999389648438,11860
2021-10-29,178.89999389648438,178.89999389648438,181.0,142.6999969482422,145.39999389648438,13610
2021-11-01,189.39999389648438,189.39999389648438,221.5500030517578,172.6999969482422,183.39999389648438,25700
2021-11-02,199.10000610351562,199.10000610351562,209.5,183.8800048828125,184.60000610351562,14340
2021-11-03,189.3000030517578,189.3000030517578,206.74000549316406,180.5,199.10000610351562,9010
2021-11-04,189.89999389648438,189.89999389648438,198.0,173.3000030517578,186.3000030517578,5490
2021-11-05,173.8000030517578,173.8000030517578,193.60000610351562,161.10000610351562,190.0,7000
2021-11-08,189.60000610351562,189.60000610351562,191.1999969482422,169.89999389648438,169.89999389648438,4950
2021-11-09,198.0,198.0,214.0,196.22000122070312,202.89999389648438,5780
2021-11-10,190.0,190.0,208.3000030517578,184.8000030517578,200.0,4460
2021-11-11,200.3000030517578,200.3000030517578,209.63999938964844,188.9600067138672,189.89999389648438,4040
2021-11-12,164.0,164.0,213.10000610351562,155.0,213.10000610351562,9640
2021-11-15,174.3000030517578,174.3000030517578,176.39999389648438,155.39999389648438,156.1999969482422,4760
2021-11-16,161.8000030517578,161.8000030517578,184.1699981689453,160.0,169.0,4130
2021-11-17,169.89999389648438,169.89999389648438,189.3699951171875,150.10000610351562,159.1999969482422,8500
2021-11-18,160.0,160.0,179.0,156.60000610351562,165.60000610351562,5490
2021-11-19,159.8000030517578,159.8000030517578,167.8000030517578,155.89999389648438,161.0,4740
2021-11-22,168.6999969482422,168.6999969482422,169.89999389648438,150.8000030517578,160.3000030517578,2550
2021-11-23,169.1999969482422,169.1999969482422,169.89999389648438,149.75,169.89999389648438,2500
2021-11-24,187.60000610351562,187.60000610351562,213.99000549316406,151.89999389648438,157.5,8960
2021-11-26,200.10000610351562,200.10000610351562,209.89999389648438,184.0,184.1999969482422,3130
2021-11-29,132.8000030517578,132.8000030517578,196.39999389648438,131.8000030517578,195.5,10380
2021-11-30,116.0,116.0,141.8000030517578,112.5,141.8000030517578,11430
2021-12-01,116.80000305175781,116.80000305175781,145.39999389648438,111.0999984741211,116.0,13860
2021-12-02,106.5,106.5,122.9000015258789,106.0,117.5,4700
2021-12-03,104.80000305175781,104.80000305175781,110.4000015258789,84.30000305175781,101.9000015258789,6170
2021-12-06,68.5,68.5,99.4000015258789,61.70000076293945,99.4000015258789,21720
2021-12-07,75.69999694824219,75.69999694824219,84.69999694824219,61.97999954223633,71.0,12580
2021-12-08,70.5,70.5,81.19999694824219,69.0,79.0,7040
2021-12-09,67.19999694824219,67.19999694824219,73.0999984741211,63.79999923706055,68.5,7360
2021-12-10,61.20000076293945,61.20000076293945,66.80000305175781,60.70000076293945,61.290000915527344,3870
2021-12-13,53.400001525878906,53.400001525878906,61.70000076293945,52.29999923706055,61.099998474121094,8790
2021-12-14,51.29999923706055,51.29999923706055,55.400001525878906,45.20000076293945,51.0,12470
2021-12-15,54.0,54.0,56.70000076293945,48.20000076293945,50.29999923706055,6860
2021-12-16,43.900001525878906,43.900001525878906,60.20000076293945,42.099998474121094,54.0,14800
2021-12-17,42.70000076293945,42.70000076293945,45.900001525878906,37.0,43.900001525878906,37210
2021-12-20,44.400001525878906,44.400001525878906,50.400001525878906,43.0,44.400001525878906,20330
2021-12-21,44.5,44.5,46.70000076293945,39.20000076293945,44.70000076293945,20730
2021-12-22,41.20000076293945,41.20000076293945,45.5,40.400001525878906,43.79999923706055,9020
2021-12-23,46.79999923706055,46.79999923706055,49.0,40.099998474121094,41.5,17670
2021-12-27,43.0,43.0,48.0,42.5,45.0,7780
2021-12-28,42.099998474121094,42.099998474121094,43.900001525878906,40.5,43.5,7230
2021-12-29,42.79999923706055,42.79999923706055,43.5,40.599998474121094,42.04999923706055,5380
2021-12-30,41.70000076293945,41.70000076293945,45.93000030517578,40.70000076293945,42.5,9550
2021-12-31,44.599998474121094,44.599998474121094,47.20000076293945,40.099998474121094,41.599998474121094,11610
2022-01-03,47.5,47.5,49.400001525878906,44.0,44.70000076293945,5880
2022-01-04,43.20000076293945,43.20000076293945,49.20000076293945,40.79999923706055,47.5,8200
2022-01-05,41.400001525878906,41.400001525878906,45.099998474121094,40.70000076293945,43.70000076293945,4110
2022-01-06,40.20000076293945,40.20000076293945,41.70000076293945,38.20000076293945,41.70000076293945,3780
2022-01-07,39.900001525878906,39.900001525878906,40.5,38.400001525878906,39.79999923706055,11630
2022-01-10,35.900001525878906,35.900001525878906,39.5,35.400001525878906,39.5,7580
2022-01-11,36.400001525878906,36.400001525878906,37.900001525878906,35.5,37.400001525878906,9250
2022-01-12,39.20000076293945,39.20000076293945,40.099998474121094,36.0,36.34000015258789,6690
2022-01-13,33.599998474121094,33.599998474121094,38.900001525878906,32.0,38.900001525878906,11690
2022-01-14,31.700000762939453,31.700000762939453,34.5,30.65999984741211,32.20000076293945,27120
2022-01-18,31.899999618530273,31.899999618530273,34.0,31.799999237060547,32.099998474121094,53480
2022-01-19,32.70000076293945,32.70000076293945,34.29999923706055,31.0,31.899999618530273,7450
2022-01-20,31.700000762939453,31.700000762939453,36.099998474121094,30.5,32.599998474121094,10460
2022-01-21,31.200000762939453,31.200000762939453,34.20000076293945,29.799999237060547,31.100000381469727,8860
2022-01-24,28.200000762939453,28.200000762939453,30.899999618530273,26.299999237060547,30.0,15850
2022-01-25,30.600000381469727,30.600000381469727,31.700000762939453,26.899999618530273,28.100000381469727,4630
2022-01-26,30.899999618530273,30.899999618530273,32.29999923706055,30.0,32.29999923706055,2500
2022-01-27,28.799999237060547,28.799999237060547,31.549999237060547,28.200000762939453,30.799999237060547,6710
2022-01-28,28.899999618530273,28.899999618530273,30.0,26.600000381469727,29.200000762939453,8360
2022-01-31,32.900001525878906,32.900001525878906,33.900001525878906,29.670000076293945,29.670000076293945,9060
2022-02-01,36.099998474121094,36.099998474121094,36.599998474121094,31.350000381469727,33.400001525878906,8030
2022-02-02,36.0,36.0,38.599998474121094,33.5,36.70000076293945,7430
2022-02-03,32.0,32.0,35.599998474121094,32.0,35.599998474121094,1850
2022-02-04,32.099998474121094,32.099998474121094,33.0,31.0,33.0,4140
2022-02-07,32.0,32.0,34.5099983215332,31.399999618530273,32.0,4880
2022-02-08,29.700000762939453,29.700000762939453,32.900001525878906,29.0,32.900001525878906,3840
2022-02-09,29.5,29.5,30.799999237060547,28.200000762939453,29.399999618530273,5620
2022-02-10,29.399999618530273,29.399999618530273,33.29999923706055,28.100000381469727,28.950000762939453,13020
2022-02-11,27.899999618530273,27.899999618530273,29.899999618530273,27.600000381469727,28.799999237060547,6580
2022-02-14,27.600000381469727,27.600000381469727,29.600000381469727,27.5,27.93000030517578,4680
2022-02-15,28.399999618530273,28.399999618530273,30.0,26.899999618530273,29.0,2530
2022-02-16,28.200000762939453,28.200000762939453,29.399999618530273,27.700000762939453,27.799999237060547,2330
2022-02-17,26.200000762939453,26.200000762939453,28.299999237060547,25.5,28.299999237060547,4780
2022-02-18,24.899999618530273,24.899999618530273,26.399999618530273,24.200000762939453,26.399999618530273,3160
2022-02-22,24.799999237060547,24.799999237060547,26.200000762939453,24.0,25.200000762939453,2060
2022-02-23,24.399999618530273,24.399999618530273,25.149999618530273,22.190000534057617,24.100000381469727,3280
2022-02-24,28.700000762939453,28.700000762939453,29.399999618530273,22.600000381469727,22.600000381469727,7500
2022-02-25,25.899999618530273,25.899999618530273,29.299999237060547,25.5,28.100000381469727,8420
2022-02-28,29.700000762939453,29.700000762939453,30.899999618530273,25.700000762939453,27.299999237060547,4570
2022-03-01,31.100000381469727,31.100000381469727,33.29999923706055,28.299999237060547,28.799999237060547,7430
2022-03-02,28.5,28.5,32.5,27.0,32.20000076293945,8850
2022-03-03,29.200000762939453,29.200000762939453,30.899999618530273,28.100000381469727,28.399999618530273,2100
2022-03-04,29.100000381469727,29.100000381469727,30.889999389648438,28.5,29.700000762939453,1760
2022-03-07,25.700000762939453,25.700000762939453,28.799999237060547,25.200000762939453,28.600000381469727,5400
2022-03-08,26.200000762939453,26.200000762939453,26.899999618530273,25.25,26.399999618530273,1480
2022-03-09,28.899999618530273,28.899999618530273,29.299999237060547,27.399999618530273,27.5,1300
2022-03-10,26.5,26.5,29.899999618530273,26.200000762939453,29.899999618530273,1240
2022-03-11,22.899999618530273,22.899999618530273,27.299999237060547,21.600000381469727,27.100000381469727,5450
2022-03-14,22.399999618530273,22.399999618530273,23.700000762939453,22.299999237060547,23.700000762939453,490
2022-03-15,22.700000762939453,22.700000762939453,23.100000381469727,22.0,22.0,410
2022-03-16,25.899999618530273,25.899999618530273,28.600000381469727,21.700000762939453,22.399999618530273,11310
2022-03-17,31.0,31.0,32.29999923706055,25.450000762939453,26.899999618530273,13680
2022-03-18,31.399999618530273,31.399999618530273,33.599998474121094,28.520000457763672,29.600000381469727,23070
2022-03-21,29.100000381469727,29.100000381469727,31.0,28.200000762939453,31.0,6190
2022-03-22,28.600000381469727,28.600000381469727,30.0,27.299999237060547,29.0,2650
2022-03-23,29.700000762939453,29.700000762939453,30.600000381469727,28.350000381469727,30.0,2510
2022-03-24,28.5,28.5,30.600000381469727,28.0,29.299999237060547,4070
2022-03-25,24.5,24.5,28.100000381469727,23.0,28.100000381469727,10670
2022-03-28,22.200000762939453,22.200000762939453,25.399999618530273,21.600000381469727,25.399999618530273,11740
2022-03-29,23.600000381469727,23.600000381469727,24.799999237060547,22.5,22.559999465942383,4240
2022-03-30,22.0,22.0,23.979999542236328,21.450000762939453,23.100000381469727,3080
2022-03-31,22.5,22.5,23.100000381469727,21.899999618530273,22.0,1720
2022-04-01,23.5,23.5,23.899999618530273,22.399999618530273,23.0,2050
2022-04-04,22.299999237060547,22.299999237060547,23.239999771118164,22.0,22.799999237060547,3080
2022-04-05,21.799999237060547,21.799999237060547,23.100000381469727,21.799999237060547,22.200000762939453,1440
2022-04-06,24.200000762939453,24.200000762939453,25.0,21.299999237060547,21.799999237060547,6180
2022-04-07,29.399999618530273,29.399999618530273,30.899999618530273,23.700000762939453,23.700000762939453,42940
2022-04-08,27.5,27.5,30.399999618530273,26.5,29.399999618530273,6200
2022-04-11,24.700000762939453,24.700000762939453,28.0,24.559999465942383,28.0,2140
2022-04-12,31.799999237060547,31.799999237060547,36.400001525878906,24.299999237060547,24.299999237060547,61220
2022-04-13,32.5,32.5,36.599998474121094,31.0,31.399999618530273,18190
2022-04-14,29.299999237060547,29.299999237060547,33.29999923706055,29.0,33.29999923706055,7580
2022-04-18,24.700000762939453,24.700000762939453,29.0,24.5,29.0,4040
2022-04-19,23.5,23.5,27.100000381469727,22.899999618530273,22.899999618530273,14760
2022-04-20,23.299999237060547,23.299999237060547,25.0,23.0,24.799999237060547,1990
2022-04-21,23.0,23.0,24.799999237060547,22.600000381469727,24.0,3450
2022-04-22,22.899999618530273,22.899999618530273,23.450000762939453,22.100000381469727,23.0,4250
2022-04-25,24.5,24.5,25.299999237060547,22.139999389648438,22.139999389648438,3970
2022-04-26,22.299999237060547,22.299999237060547,24.5,22.100000381469727,24.5,4870
2022-04-27,25.700000762939453,25.700000762939453,26.5,22.399999618530273,23.0,3230
2022-04-28,22.399999618530273,22.399999618530273,24.959999084472656,22.200000762939453,24.959999084472656,4580
2022-04-29,22.399999618530273,22.399999618530273,23.299999237060547,22.299999237060547,22.299999237060547,1430
2022-05-02,22.899999618530273,22.899999618530273,24.5,22.399999618530273,23.100000381469727,2060
2022-05-03,22.299999237060547,22.299999237060547,23.299999237060547,22.100000381469727,22.5,1700
2022-05-04,22.399999618530273,22.399999618530273,22.899999618530273,20.700000762939453,22.100000381469727,2780
2022-05-05,20.700000762939453,20.700000762939453,22.399999618530273,20.399999618530273,21.899999618530273,2510
2022-05-06,19.5,19.5,21.700000762939453,19.200000762939453,20.700000762939453,3320
2022-05-09,17.600000381469727,17.600000381469727,19.0,16.600000381469727,19.0,4360
2022-05-10,15.199999809265137,15.199999809265137,17.600000381469727,15.0,15.199999809265137,3360
2022-05-11,12.899999618530273,12.899999618530273,14.800000190734863,12.5,13.600000381469727,4340
2022-05-12,13.5,13.5,15.199999809265137,13.199999809265137,14.0,4240
2022-05-13,12.899999618530273,12.899999618530273,14.699999809265137,12.6899995803833,13.699999809265137,4730
2022-05-16,12.5,12.5,14.399999618530273,12.0,13.899999618530273,3490
2022-05-17,12.899999618530273,12.899999618530273,14.0,12.199999809265137,14.0,25440
2022-05-18,12.600000381469727,12.600000381469727,13.100000381469727,12.300000190734863,13.0,3220
2022-05-19,13.0,13.0,14.5,12.420000076293945,12.699999809265137,2910
2022-05-20,13.100000381469727,13.100000381469727,14.3100004196167,12.550000190734863,13.699999809265137,1230
2022-05-23,13.199999809265137,13.199999809265137,13.5,13.0,13.300000190734863,1060
2022-05-24,12.899999618530273,12.899999618530273,13.100000381469727,12.5,12.5,1570
2022-05-25,13.100000381469727,13.100000381469727,13.5,12.800000190734863,13.289999961853027,1670
2022-05-26,13.600000381469727,13.600000381469727,13.899999618530273,13.300000190734863,13.600000381469727,780
2022-05-27,16.700000762939453,16.700000762939453,16.899999618530273,14.430000305175781,14.800000190734863,2810
2022-05-31,15.5,15.5,17.899999618530273,15.100000381469727,16.700000762939453,2890
2022-06-01,15.0,15.0,16.5,15.0,16.5,1020
2022-06-02,15.399999618530273,15.399999618530273,15.600000381469727,15.0,15.140000343322754,640
2022-06-03,16.5,16.5,17.25,14.600000381469727,15.199999809265137,1000
2022-06-06,14.899999618530273,14.899999618530273,17.899999618530273,14.899999618530273,15.800000190734863,2830
2022-06-07,18.399999618530273,18.399999618530273,19.700000762939453,15.100000381469727,18.600000381469727,6030
2022-06-08,16.5,16.5,18.479999542236328,15.510000228881836,18.479999542236328,4760
2022-06-09,15.300000190734863,15.300000190734863,17.799999237060547,15.25,16.399999618530273,2530
2022-06-10,16.299999237060547,16.299999237060547,16.299999237060547,13.539999961853027,15.199999809265137,3080
2022-06-13,17.299999237060547,17.299999237060547,17.5,14.899999618530273,15.800000190734863,2870
2022-06-14,20.200000762939453,20.200000762939453,20.200000762939453,16.610000610351562,17.299999237060547,1750
2022-06-15,18.700000762939453,18.700000762939453,20.200000762939453,18.700000762939453,20.200000762939453,2630
2022-06-16,16.600000381469727,16.600000381469727,17.799999237060547,14.399999618530273,15.90999984741211,4300
2022-06-17,16.100000381469727,16.100000381469727,17.100000381469727,16.0,17.100000381469727,1400
2022-06-21,15.399999618530273,15.399999618530273,16.40999984741211,15.199999809265137,15.199999809265137,2620
2022-06-22,15.399999618530273,15.399999618530273,16.799999237060547,15.0,15.399999618530273,2650
2022-06-23,17.799999237060547,17.799999237060547,18.399999618530273,15.600000381469727,15.600000381469727,3010
2022-06-24,15.100000381469727,15.100000381469727,17.899999618530273,13.199999809265137,17.299999237060547,25320
2022-06-27,15.100000381469727,15.100000381469727,16.0,14.210000038146973,16.0,2810
2022-06-28,13.300000190734863,13.300000190734863,15.100000381469727,13.050000190734863,15.0,6740
2022-06-29,14.199999809265137,14.199999809265137,15.0,13.0,13.5,5220
2022-06-30,14.100000381469727,14.100000381469727,14.899999618530273,13.699999809265137,14.0,1610
2022-07-01,14.0,14.0,14.300000190734863,13.65999984741211,13.699999809265137,740
2022-07-05,14.0,14.0,14.800000190734863,13.5,13.960000038146973,2540
2022-07-06,14.100000381469727,14.100000381469727,14.300000190734863,14.020000457763672,14.300000190734863,260
2022-07-07,13.699999809265137,13.699999809265137,14.5,12.0,14.199999809265137,9290
2022-07-08,13.199999809265137,13.199999809265137,14.5,12.899999618530273,13.800000190734863,6960
2022-07-11,12.300000190734863,12.300000190734863,14.069999694824219,10.899999618530273,13.399999618530273,12100
2022-07-12,12.600000381469727,12.600000381469727,12.899999618530273,12.100000381469727,12.899999618530273,6870
2022-07-13,11.899999618530273,11.899999618530273,13.5,11.899999618530273,12.550000190734863,4710
2022-07-14,11.899999618530273,11.899999618530273,12.300000190734863,11.390000343322754,12.199999809265137,2030
2022-07-15,12.699999809265137,12.699999809265137,13.399999618530273,11.699999809265137,12.300000190734863,2350
2022-07-18,13.399999618530273,13.399999618530273,14.399999618530273,13.100000381469727,13.449999809265137,4130
2022-07-19,14.399999618530273,14.399999618530273,15.100000381469727,13.699999809265137,13.699999809265137,5830
2022-07-20,15.600000381469727,15.600000381469727,15.600000381469727,14.399999618530273,14.84000015258789,3680
2022-07-21,14.399999618530273,14.399999618530273,15.15999984741211,14.199999809265137,15.0,2510
2022-07-22,13.800000190734863,13.800000190734863,14.899999618530273,13.800000190734863,14.899999618530273,3590
2022-07-25,13.399999618530273,13.399999618530273,14.199999809265137,13.199999809265137,13.5,1060
2022-07-26,13.199999809265137,13.199999809265137,14.149999618530273,12.5,14.149999618530273,1280
2022-07-27,14.0,14.0,14.600000381469727,13.399999618530273,13.399999618530273,2940
2022-07-28,13.399999618530273,13.399999618530273,14.5,13.100000381469727,14.5,4870
2022-07-29,13.100000381469727,13.100000381469727,13.779999732971191,12.699999809265137,13.5,1070
2022-08-01,12.5,12.5,13.600000381469727,11.300000190734863,13.510000228881836,5130
2022-08-02,12.399999618530273,12.399999618530273,13.100000381469727,12.300000190734863,13.100000381469727,2230
2022-08-03,13.300000190734863,13.300000190734863,14.199999809265137,12.399999618530273,12.5,5740
2022-08-04,14.050000190734863,14.050000190734863,14.600000381469727,12.5,12.699999809265137,8170
2022-08-05,13.5,13.5,14.100000381469727,11.800000190734863,13.5,12440
2022-08-08,13.600000381469727,13.600000381469727,13.600000381469727,13.020000457763672,13.229999542236328,1210
2022-08-09,13.199999809265137,13.199999809265137,14.300000190734863,11.699999809265137,13.300000190734863,11320
2022-08-10,15.399999618530273,15.399999618530273,19.399999618530273,13.0,13.600000381469727,299740
2022-08-11,16.799999237060547,16.799999237060547,17.979999542236328,14.800000190734863,16.200000762939453,33560
2022-08-12,17.100000381469727,17.100000381469727,18.299999237060547,16.0,16.299999237060547,10660
2022-08-15,34.0,34.0,39.900001525878906,17.100000381469727,17.899999618530273,2080970
2022-08-16,32.5,32.5,32.599998474121094,25.5,31.0,115660
2022-08-17,30.200000762939453,30.200000762939453,43.20000076293945,28.1200008392334,31.799999237060547,180150
2022-08-18,27.600000381469727,27.600000381469727,29.399999618530273,24.5,28.200000762939453,26910
2022-08-19,26.0,26.0,28.579999923706055,25.5,26.100000381469727,7650
2022-08-22,27.200000762939453,27.200000762939453,27.399999618530273,24.700000762939453,26.200000762939453,13030
2022-08-23,27.899999618530273,27.899999618530273,28.899999618530273,26.0,26.600000381469727,8190
2022-08-24,27.399999618530273,27.399999618530273,28.799999237060547,26.600000381469727,27.700000762939453,7040
2022-08-25,24.799999237060547,24.799999237060547,27.399999618530273,24.0,27.399999618530273,6930
2022-08-26,23.5,23.5,25.0,22.5,24.600000381469727,6100
2022-08-29,23.399999618530273,23.399999618530273,23.700000762939453,22.549999237060547,23.5,1860
2022-08-30,23.0,23.0,23.700000762939453,22.299999237060547,23.600000381469727,1430
2022-08-31,26.299999237060547,26.299999237060547,27.0,22.200000762939453,23.600000381469727,9200
2022-09-01,24.600000381469727,24.600000381469727,27.0,23.0,25.799999237060547,4640
2022-09-02,25.799999237060547,25.799999237060547,27.0,23.6200008392334,24.200000762939453,8130
2022-09-06,26.0,26.0,26.799999237060547,23.6200008392334,25.200000762939453,5380
2022-09-07,25.799999237060547,25.799999237060547,26.700000762939453,24.700000762939453,25.399999618530273,4730
2022-09-08,29.200000762939453,29.200000762939453,29.899999618530273,25.399999618530273,26.299999237060547,13290
2022-09-09,27.899999618530273,27.899999618530273,29.299999237060547,27.200000762939453,29.299999237060547,5620
2022-09-12,26.799999237060547,26.799999237060547,29.299999237060547,26.600000381469727,28.399999618530273,4590
2022-09-13,24.799999237060547,24.799999237060547,27.450000762939453,24.0,26.200000762939453,5720
2022-09-14,26.0,26.0,28.149999618530273,24.5,24.5,4840
2022-09-15,26.200000762939453,26.200000762939453,27.0,25.799999237060547,26.200000762939453,1260
2022-09-16,24.0,24.0,27.190000534057617,24.0,27.0,4910
2022-09-19,23.0,23.0,24.299999237060547,23.0,23.399999618530273,1940
2022-09-20,21.100000381469727,21.100000381469727,23.100000381469727,21.0,23.0,2440
2022-09-21,20.299999237060547,20.299999237060547,21.799999237060547,20.299999237060547,21.799999237060547,930
2022-09-22,20.200000762939453,20.200000762939453,20.899999618530273,19.270000457763672,20.0,4340
2022-09-23,19.700000762939453,19.700000762939453,23.0,19.200000762939453,20.100000381469727,1950
2022-09-26,21.600000381469727,21.600000381469727,22.299999237060547,19.100000381469727,19.100000381469727,1070
2022-09-27,20.0,20.0,23.299999237060547,19.899999618530273,21.700000762939453,720
2022-09-28,21.200000762939453,21.200000762939453,21.399999618530273,19.299999237060547,20.0,640
2022-09-29,20.600000381469727,20.600000381469727,22.950000762939453,19.799999237060547,20.399999618530273,3030
2022-09-30,21.100000381469727,21.100000381469727,22.600000381469727,20.600000381469727,20.899999618530273,2170
2022-10-03,22.399999618530273,22.399999618530273,23.299999237060547,20.100000381469727,20.799999237060547,2550
2022-10-04,20.700000762939453,20.700000762939453,23.0,20.5,22.299999237060547,3200
2022-10-05,22.100000381469727,22.100000381469727,23.100000381469727,20.700000762939453,20.700000762939453,3580
2022-10-06,21.5,21.5,22.899999618530273,20.799999237060547,21.600000381469727,6030
2022-10-07,21.899999618530273,21.899999618530273,22.299999237060547,21.299999237060547,21.899999618530273,850
2022-10-10,21.299999237060547,21.299999237060547,22.200000762939453,20.100000381469727,22.100000381469727,1630
2022-10-11,19.5,19.5,21.350000381469727,19.200000762939453,20.600000381469727,2430
2022-10-12,19.100000381469727,19.100000381469727,19.399999618530273,18.399999618530273,18.399999618530273,1320
2022-10-13,19.5,19.5,20.149999618530273,18.670000076293945,20.149999618530273,610
2022-10-14,18.899999618530273,18.899999618530273,20.899999618530273,18.75,20.899999618530273,1010
2022-10-17,19.899999618530273,19.899999618530273,20.100000381469727,18.200000762939453,18.899999618530273,1230
2022-10-18,20.700000762939453,20.700000762939453,20.899999618530273,18.700000762939453,20.0,1600
2022-10-19,19.799999237060547,19.799999237060547,20.700000762939453,19.75,20.600000381469727,1370
2022-10-20,20.700000762939453,20.700000762939453,20.700000762939453,20.0,20.200000762939453,1160
2022-10-21,19.799999237060547,19.799999237060547,21.09000015258789,18.100000381469727,20.600000381469727,1360
2022-10-24,20.799999237060547,20.799999237060547,20.799999237060547,20.0,20.799999237060547,330
2022-10-25,20.450000762939453,20.450000762939453,23.0,18.799999237060547,21.5,2270
2022-10-26,20.600000381469727,20.600000381469727,20.600000381469727,20.600000381469727,20.600000381469727,30
2022-10-27,21.0,21.0,21.0,19.709999084472656,19.709999084472656,120
2022-10-28,20.299999237060547,20.299999237060547,22.100000381469727,18.799999237060547,18.799999237060547,1440
2022-10-31,21.799999237060547,21.799999237060547,22.299999237060547,21.200000762939453,21.200000762939453,380
2022-11-01,22.299999237060547,22.299999237060547,22.899999618530273,20.920000076293945,22.0,1410
2022-11-02,21.299999237060547,21.299999237060547,22.0,21.200000762939453,21.399999618530273,940
2022-11-03,22.5,22.5,23.0,20.75,20.75,2260
2022-11-04,24.399999618530273,24.399999618530273,24.600000381469727,22.5,23.399999618530273,4380
2022-11-07,25.25,25.25,26.0,23.299999237060547,23.399999618530273,7640
2022-11-08,25.100000381469727,25.100000381469727,26.5,24.200000762939453,24.600000381469727,2940
2022-11-09,25.0,25.0,25.75,23.65999984741211,25.75,1950
2022-11-10,21.799999237060547,21.799999237060547,24.770000457763672,21.5,24.770000457763672,6220
2022-11-11,30.0,30.0,30.0,22.5,27.799999237060547,16280
2022-11-14,29.25,29.25,34.20000076293945,28.799999237060547,32.5,16660
2022-11-15,30.68000030517578,30.68000030517578,33.099998474121094,29.360000610351562,33.099998474121094,5030
2022-11-16,31.600000381469727,31.600000381469727,31.600000381469727,29.5,29.899999618530273,2780
2022-11-17,29.739999771118164,29.739999771118164,31.600000381469727,29.100000381469727,31.600000381469727,2790
2022-11-18,26.600000381469727,26.600000381469727,29.600000381469727,26.200000762939453,29.399999618530273,11110
2022-11-21,26.0,26.0,27.200000762939453,24.5,27.0,3440
2022-11-22,25.0,25.0,26.0,23.799999237060547,25.5,1350
2022-11-23,25.440000534057617,25.440000534057617,27.06999969482422,25.0,25.0,610
2022-11-25,25.700000762939453,25.700000762939453,26.299999237060547,25.18000030517578,25.920000076293945,970
2022-11-28,25.799999237060547,25.799999237060547,26.899999618530273,25.0,26.899999618530273,6480
2022-11-29,25.0,25.0,26.5,25.0,25.299999237060547,7690
2022-11-30,26.5,26.5,26.799999237060547,25.100000381469727,25.309999465942383,920
2022-12-01,26.200000762939453,26.200000762939453,26.5,25.100000381469727,26.450000762939453,1250
2022-12-02,25.200000762939453,25.200000762939453,26.56999969482422,25.200000762939453,26.5,380
2022-12-05,25.399999618530273,25.399999618530273,25.950000762939453,25.15999984741211,25.15999984741211,1400
2022-12-06,25.200000762939453,25.200000762939453,25.5,25.0,25.0,400
2022-12-07,25.100000381469727,25.100000381469727,25.600000381469727,25.0,25.100000381469727,790
2022-12-08,25.5,25.5,25.5,25.100000381469727,25.100000381469727,410
2022-12-09,25.049999237060547,25.049999237060547,25.979999542236328,25.0,25.0,550
2022-12-12,25.100000381469727,25.100000381469727,25.200000762939453,25.0,25.0,1940
2022-12-13,23.0,23.0,25.0,23.0,23.5,1000
2022-12-14,23.0,23.0,24.030000686645508,22.299999237060547,22.299999237060547,420
2022-12-15,22.100000381469727,22.100000381469727,24.049999237060547,22.100000381469727,23.0,1200
2022-12-16,22.700000762939453,22.700000762939453,23.600000381469727,22.0,23.600000381469727,960
2022-12-19,21.899999618530273,21.899999618530273,23.0,21.799999237060547,21.799999237060547,240
2022-12-20,21.5,21.5,22.25,21.5,22.200000762939453,370
2022-12-21,23.100000381469727,23.100000381469727,24.780000686645508,22.200000762939453,22.200000762939453,860
2022-12-22,23.899999618530273,23.899999618530273,24.899999618530273,22.399999618530273,24.100000381469727,850
2022-12-23,23.200000762939453,23.200000762939453,23.299999237060547,22.700000762939453,22.700000762939453,300
2022-12-27,23.100000381469727,23.100000381469727,24.5,22.5,22.5,240
2022-12-28,21.799999237060547,21.799999237060547,22.0,20.100000381469727,22.0,860
2022-12-29,22.799999237060547,22.799999237060547,22.799999237060547,21.600000381469727,21.600000381469727,310
2022-12-30,26.100000381469727,26.100000381469727,28.799999237060547,20.0,20.0,6300
2023-01-03,25.799999237060547,25.799999237060547,28.200000762939453,23.600000381469727,26.899999618530273,2520
2023-01-04,23.799999237060547,23.799999237060547,26.799999237060547,23.0,26.399999618530273,1390
2023-01-05,23.100000381469727,23.100000381469727,24.440000534057617,21.459999084472656,22.600000381469727,990
2023-01-06,23.690000534057617,23.690000534057617,23.700000762939453,22.799999237060547,23.200000762939453,430
2023-01-09,23.200000762939453,23.200000762939453,23.479999542236328,22.700000762939453,23.479999542236328,230
2023-01-10,22.700000762939453,22.700000762939453,23.700000762939453,22.700000762939453,22.899999618530273,1140
2023-01-11,22.700000762939453,22.700000762939453,24.3799991607666,22.600000381469727,22.600000381469727,1320
2023-01-12,21.5,21.5,22.899999618530273,21.200000762939453,22.799999237060547,2110
2023-01-13,23.600000381469727,23.600000381469727,23.600000381469727,21.799999237060547,21.799999237060547,250
2023-01-17,23.700000762939453,23.700000762939453,24.899999618530273,20.0,20.0,1340
2023-01-18,23.700000762939453,23.700000762939453,23.700000762939453,23.399999618530273,23.399999618530273,160
2023-01-19,23.799999237060547,23.799999237060547,25.0,23.100000381469727,23.350000381469727,1470
2023-01-20,22.799999237060547,22.799999237060547,24.5,22.799999237060547,24.299999237060547,3240
2023-01-23,22.899999618530273,22.899999618530273,24.799999237060547,21.700000762939453,24.799999237060547,1440
2023-01-24,22.049999237060547,22.049999237060547,22.5,20.700000762939453,20.799999237060547,550
2023-01-25,21.299999237060547,21.299999237060547,21.75,21.200000762939453,21.5,130
2023-01-26,22.100000381469727,22.100000381469727,22.100000381469727,20.600000381469727,20.600000381469727,350
2023-01-27,22.399999618530273,22.399999618530273,23.399999618530273,22.100000381469727,22.299999237060547,820
2023-01-30,22.899999618530273,22.899999618530273,22.899999618530273,22.899999618530273,22.899999618530273,30
2023-01-31,22.8700008392334,22.8700008392334,22.899999618530273,22.100000381469727,22.25,2590
2023-02-01,21.899999618530273,21.899999618530273,22.56999969482422,20.600000381469727,22.56999969482422,470
2023-02-02,21.5,21.5,22.700000762939453,21.200000762939453,21.200000762939453,2200
2023-02-03,22.200000762939453,22.200000762939453,22.700000762939453,20.600000381469727,20.600000381469727,810
2023-02-06,22.649999618530273,22.649999618530273,22.75,21.90999984741211,22.0,200
2023-02-07,22.399999618530273,22.399999618530273,22.399999618530273,21.700000762939453,21.899999618530273,140
2023-02-08,22.100000381469727,22.100000381469727,22.149999618530273,21.5,21.700000762939453,340
2023-02-09,22.700000762939453,22.700000762939453,22.799999237060547,22.219999313354492,22.799999237060547,120
2023-02-10,22.0,22.0,22.399999618530273,20.700000762939453,21.950000762939453,3300
2023-02-13,21.0,21.0,21.899999618530273,21.0,21.0,130
2023-02-14,20.100000381469727,20.100000381469727,21.299999237060547,20.0,21.0,2650
2023-02-15,20.100000381469727,20.100000381469727,21.700000762939453,20.100000381469727,21.700000762939453,360
2023-02-16,21.0,21.0,21.799999237060547,21.0,21.799999237060547,80
2023-02-17,21.100000381469727,21.100000381469727,21.200000762939453,20.559999465942383,20.559999465942383,190
2023-02-21,20.299999237060547,20.299999237060547,20.5,20.0,20.399999618530273,2870
2023-02-22,20.0,20.0,20.200000762939453,20.0,20.100000381469727,1480
2023-02-23,21.139999389648438,21.139999389648438,21.139999389648438,21.139999389648438,21.139999389648438,70
2023-02-24,21.100000381469727,21.100000381469727,21.100000381469727,20.100000381469727,20.600000381469727,1270
2023-02-27,20.0,20.0,21.600000381469727,20.0,21.299999237060547,1170
2023-02-28,20.299999237060547,20.299999237060547,20.950000762939453,20.0,20.950000762939453,2020
2023-03-01,20.899999618530273,20.899999618530273,20.899999618530273,20.899999618530273,20.899999618530273,50
2023-03-02,20.600000381469727,20.600000381469727,20.600000381469727,20.200000762939453,20.200000762939453,130
2023-03-03,21.450000762939453,21.450000762939453,21.450000762939453,21.450000762939453,21.450000762939453,30
2023-03-06,21.100000381469727,21.100000381469727,21.889999389648438,20.889999389648438,21.5,240
2023-03-07,22.649999618530273,22.649999618530273,23.0,20.799999237060547,20.799999237060547,780
2023-03-08,21.5,21.5,21.5,20.299999237060547,20.299999237060547,140
2023-03-09,21.5,21.5,21.5,21.5,21.5,10
2023-03-10,20.0,20.0,21.799999237060547,20.0,21.799999237060547,6140
2023-03-13,21.700000762939453,21.700000762939453,21.700000762939453,20.5,20.5,310
2023-03-14,21.299999237060547,21.299999237060547,22.5,20.799999237060547,22.149999618530273,450
2023-03-15,20.100000381469727,20.100000381469727,22.0,20.0,20.600000381469727,3250
2023-03-16,20.399999618530273,20.399999618530273,21.799999237060547,20.299999237060547,20.399999618530273,2850
2023-03-17,22.200000762939453,22.200000762939453,23.5,21.479999542236328,21.899999618530273,1950
2023-03-20,20.799999237060547,20.799999237060547,22.799999237060547,20.5,22.700000762939453,5020
2023-03-21,20.420000076293945,20.420000076293945,22.0,20.030000686645508,20.299999237060547,1990
2023-03-22,20.899999618530273,20.899999618530273,20.899999618530273,20.100000381469727,20.600000381469727,310
2023-03-23,20.100000381469727,20.100000381469727,20.299999237060547,20.100000381469727,20.299999237060547,160
2023-03-24,20.100000381469727,20.100000381469727,20.420000076293945,20.100000381469727,20.100000381469727,110
2023-03-27,20.100000381469727,20.100000381469727,21.200000762939453,20.0,20.0,1000
2023-03-28,21.100000381469727,21.100000381469727,22.100000381469727,21.100000381469727,22.0,320
2023-03-29,20.399999618530273,20.399999618530273,21.100000381469727,20.0,21.100000381469727,810
2023-03-30,19.100000381469727,19.100000381469727,20.100000381469727,18.600000381469727,20.100000381469727,3170
2023-03-31,18.950000762939453,18.950000762939453,19.579999923706055,18.950000762939453,19.200000762939453,1510
2023-04-03,19.0,19.0,19.100000381469727,18.700000762939453,19.100000381469727,880
2023-04-04,19.700000762939453,19.700000762939453,20.0,18.860000610351562,18.860000610351562,1000
2023-04-05,18.700000762939453,18.700000762939453,19.799999237060547,18.399999618530273,19.700000762939453,440
2023-04-06,19.799999237060547,19.799999237060547,19.799999237060547,18.5,18.600000381469727,1320
2023-04-10,21.100000381469727,21.100000381469727,21.899999618530273,20.0,20.100000381469727,1000
2023-04-11,21.5,21.5,22.200000762939453,20.399999618530273,21.049999237060547,830
2023-04-12,21.649999618530273,21.649999618530273,22.200000762939453,20.799999237060547,20.799999237060547,1300
2023-04-13,22.700000762939453,22.700000762939453,23.0,21.049999237060547,21.5,2030
2023-04-14,22.100000381469727,22.100000381469727,23.100000381469727,18.700000762939453,22.600000381469727,33680
2023-04-17,22.100000381469727,22.100000381469727,23.200000762939453,20.299999237060547,21.899999618530273,2360
2023-04-18,21.200000762939453,21.200000762939453,22.600000381469727,20.100000381469727,21.700000762939453,1650
2023-04-19,20.5,20.5,22.0,20.200000762939453,20.200000762939453,1090
2023-04-20,20.100000381469727,20.100000381469727,21.200000762939453,19.899999618530273,20.600000381469727,2190
2023-04-21,21.0,21.0,21.43000030517578,19.700000762939453,20.0,2980
2023-04-24,21.600000381469727,21.600000381469727,21.700000762939453,19.100000381469727,21.100000381469727,1210
2023-04-25,21.0,21.0,21.700000762939453,20.780000686645508,21.0,660
2023-04-26,20.5,20.5,21.700000762939453,20.200000762939453,21.299999237060547,4980
2023-04-27,18.799999237060547,18.799999237060547,21.100000381469727,17.600000381469727,20.299999237060547,7940
2023-04-28,17.899999618530273,17.899999618530273,18.899999618530273,16.600000381469727,18.399999618530273,4260
2023-05-01,10.899999618530273,10.899999618530273,19.299999237060547,10.100000381469727,18.700000762939453,80210
2023-05-02,8.899999618530273,8.899999618530273,11.300000190734863,8.510000228881836,11.199999809265137,97780
2023-05-03,11.699999809265137,11.699999809265137,14.399999618530273,9.0,9.199999809265137,107930
2023-05-04,12.5,12.5,15.199999809265137,12.0,13.0,66500
2023-05-05,15.800000190734863,15.800000190734863,16.200000762939453,12.5,13.800000190734863,56820
2023-05-08,18.200000762939453,18.200000762939453,19.600000381469727,16.600000381469727,17.700000762939453,51440
2023-05-09,16.899999618530273,16.899999618530273,19.0,16.899999618530273,18.799999237060547,23560
2023-05-10,15.100000381469727,15.100000381469727,17.899999618530273,14.300000190734863,16.899999618530273,35430
2023-05-11,16.200000762939453,16.200000762939453,16.799999237060547,13.800000190734863,13.800000190734863,26160
2023-05-12,17.200000762939453,17.200000762939453,17.600000381469727,16.5,17.600000381469727,9680
2023-05-15,16.899999618530273,16.899999618530273,18.5,16.0,18.200000762939453,16830
2023-05-16,16.799999237060547,16.799999237060547,17.5,16.5,17.0,7660
2023-05-17,18.0,18.0,18.350000381469727,16.799999237060547,17.0,14040
2023-05-18,17.200000762939453,17.200000762939453,18.799999237060547,17.0,18.0,12060
2023-05-19,17.799999237060547,17.799999237060547,18.299999237060547,17.299999237060547,18.299999237060547,5550
2023-05-22,20.799999237060547,20.799999237060547,22.399999618530273,18.100000381469727,18.5,27610
2023-05-23,21.600000381469727,21.600000381469727,23.700000762939453,20.799999237060547,21.299999237060547,33020
2023-05-24,20.600000381469727,20.600000381469727,21.5,19.600000381469727,21.100000381469727,10680
2023-05-25,19.399999618530273,19.399999618530273,20.0,18.100000381469727,20.0,8450
2023-05-26,19.200000762939453,19.200000762939453,20.299999237060547,18.100000381469727,20.0,6400
2023-05-30,18.799999237060547,18.799999237060547,20.0,18.5,20.0,7280
2023-05-31,17.600000381469727,17.600000381469727,20.0,17.600000381469727,20.0,9420
2023-06-01,18.0,18.0,18.399999618530273,17.600000381469727,18.100000381469727,5870
2023-06-02,18.299999237060547,18.299999237060547,18.8700008392334,17.600000381469727,18.399999618530273,6270
2023-06-05,18.200000762939453,18.200000762939453,19.399999618530273,17.799999237060547,19.299999237060547,5290
2023-06-06,19.200000762939453,19.200000762939453,19.479999542236328,18.200000762939453,18.5,4640
2023-06-07,22.200000762939453,22.200000762939453,23.299999237060547,19.200000762939453,19.600000381469727,16770
2023-06-08,22.399999618530273,22.399999618530273,22.780000686645508,21.200000762939453,22.0,9730
2023-06-09,21.799999237060547,21.799999237060547,22.700000762939453,21.299999237060547,22.700000762939453,5910
2023-06-12,21.799999237060547,21.799999237060547,23.0,21.0,22.899999618530273,9390
2023-06-13,22.899999618530273,22.899999618530273,23.200000762939453,21.5,22.0,8300
2023-06-14,22.700000762939453,22.700000762939453,23.5,22.399999618530273,23.5,8160
2023-06-15,24.0,24.0,29.899999618530273,22.100000381469727,23.0,60400
2023-06-16,27.299999237060547,27.299999237060547,29.989999771118164,24.5,24.5,46810
2023-06-20,27.200000762939453,27.200000762939453,28.899999618530273,25.5,27.399999618530273,13000
2023-06-21,27.200000762939453,27.200000762939453,29.0,26.81999969482422,26.899999618530273,13600
2023-06-22,33.25,33.25,33.400001525878906,27.299999237060547,27.299999237060547,27030
2023-06-23,25.600000381469727,25.600000381469727,33.29999923706055,24.299999237060547,32.900001525878906,36360
2023-06-26,23.5,23.5,28.799999237060547,23.100000381469727,27.799999237060547,20360
2023-06-27,23.600000381469727,23.600000381469727,25.0,22.510000228881836,23.299999237060547,16560
2023-06-28,22.299999237060547,22.299999237060547,24.799999237060547,22.200000762939453,24.0,10100
2023-06-29,20.899999618530273,20.899999618530273,23.700000762939453,20.299999237060547,23.399999618530273,17240
2023-06-30,21.0,21.0,22.100000381469727,20.799999237060547,20.899999618530273,9470
2023-07-03,20.200000762939453,20.200000762939453,22.399999618530273,19.799999237060547,22.399999618530273,8870
2023-07-05,20.0,20.0,21.059999465942383,19.0,20.100000381469727,11120
2023-07-06,20.899999618530273,20.899999618530273,20.899999618530273,18.969999313354492,20.100000381469727,5360
2023-07-07,20.0,20.0,21.299999237060547,19.899999618530273,21.299999237060547,6350
2023-07-10,20.0,20.0,21.5,19.5,20.299999237060547,13960
2023-07-11,19.100000381469727,19.100000381469727,20.600000381469727,19.0,20.100000381469727,12620
2023-07-12,19.0,19.0,20.5,19.0,19.0,13590
2023-07-13,18.600000381469727,18.600000381469727,19.8799991607666,18.600000381469727,19.100000381469727,11200
2023-07-14,18.299999237060547,18.299999237060547,19.399999618530273,16.799999237060547,19.100000381469727,13700
2023-07-17,18.899999618530273,18.899999618530273,19.200000762939453,18.100000381469727,18.399999618530273,10440
2023-07-18,18.899999618530273,18.899999618530273,19.600000381469727,18.299999237060547,18.399999618530273,7390
2023-07-19,19.200000762939453,19.200000762939453,19.399999618530273,18.299999237060547,18.700000762939453,9600
2023-07-20,18.399999618530273,18.399999618530273,19.0,18.0,19.0,7520
2023-07-21,18.299999237060547,18.299999237060547,18.700000762939453,18.299999237060547,18.5,3640
2023-07-24,17.600000381469727,17.600000381469727,18.5,17.239999771118164,18.299999237060547,5990
2023-07-25,17.0,17.0,17.799999237060547,17.0,17.5,7450
2023-07-26,17.5,17.5,17.700000762939453,16.799999237060547,17.0,5490
2023-07-27,16.700000762939453,16.700000762939453,17.889999389648438,16.5,17.5,5390
2023-07-28,17.299999237060547,17.299999237060547,17.5,16.200000762939453,16.399999618530273,8470
2023-07-31,18.700000762939453,18.700000762939453,19.0,17.5,17.5,7260
2023-08-01,17.299999237060547,17.299999237060547,18.700000762939453,17.299999237060547,18.700000762939453,5120
2023-08-02,17.399999618530273,17.399999618530273,17.700000762939453,16.299999237060547,17.5,8180
2023-08-03,17.200000762939453,17.200000762939453,17.670000076293945,17.0,17.5,4230
2023-08-04,18.100000381469727,18.100000381469727,18.469999313354492,17.0,17.399999618530273,5820
2023-08-07,18.600000381469727,18.600000381469727,19.399999618530273,17.299999237060547,18.200000762939453,9920
2023-08-08,18.5,18.5,19.600000381469727,18.010000228881836,19.600000381469727,3330
2023-08-09,18.0,18.0,18.899999618530273,18.0,18.5,3580
2023-08-10,19.200000762939453,19.200000762939453,19.5,17.299999237060547,18.299999237060547,14990
2023-08-11,18.299999237060547,18.299999237060547,19.0,17.799999237060547,17.799999237060547,3640
2023-08-14,18.100000381469727,18.100000381469727,18.700000762939453,17.600000381469727,18.200000762939453,3550
2023-08-15,17.100000381469727,17.100000381469727,18.200000762939453,16.799999237060547,18.200000762939453,6090
2023-08-16,17.399999618530273,17.399999618530273,17.899999618530273,17.0,17.0,3860
2023-08-17,16.700000762939453,16.700000762939453,17.110000610351562,16.5,17.0,2950
2023-08-18,16.899999618530273,16.899999618530273,17.0,16.299999237060547,17.0,2310
2023-08-21,16.600000381469727,16.600000381469727,17.100000381469727,16.5,16.600000381469727,1640
2023-08-22,16.5,16.5,17.0,16.5,16.600000381469727,2130
2023-08-23,17.0,17.0,17.0,16.600000381469727,16.700000762939453,1400
2023-08-24,15.600000381469727,15.600000381469727,17.100000381469727,15.199999809265137,16.899999618530273,39070
2023-08-25,14.300000190734863,14.300000190734863,15.600000381469727,14.0,15.600000381469727,8450
2023-08-28,14.5,14.5,14.800000190734863,14.199999809265137,14.399999618530273,5040
2023-08-29,15.800000190734863,15.800000190734863,15.899999618530273,14.600000381469727,15.399999618530273,9190
2023-08-30,15.0,15.0,15.699999809265137,14.699999809265137,15.399999618530273,5840
2023-08-31,14.5,14.5,15.0,14.199999809265137,14.899999618530273,11770
2023-09-01,14.600000381469727,14.600000381469727,15.399999618530273,14.600000381469727,14.699999809265137,3240
2023-09-05,15.199999809265137,15.199999809265137,15.300000190734863,14.899999618530273,15.300000190734863,2980
2023-09-06,14.600000381469727,14.600000381469727,15.5,14.300000190734863,15.5,2720
2023-09-07,14.300000190734863,14.300000190734863,14.800000190734863,14.199999809265137,14.399999618530273,2280
2023-09-08,13.300000190734863,13.300000190734863,14.899999618530273,13.149999618530273,14.300000190734863,8730
2023-09-11,12.899999618530273,12.899999618530273,14.199999809265137,12.800000190734863,14.199999809265137,4810
2023-09-12,13.199999809265137,13.199999809265137,13.5,12.600000381469727,12.800000190734863,4290
2023-09-13,12.5,12.5,13.8100004196167,12.300000190734863,13.399999618530273,6000
2023-09-14,12.600000381469727,12.600000381469727,13.399999618530273,12.300000190734863,12.300000190734863,3430
2023-09-15,12.899999618530273,12.899999618530273,13.210000038146973,12.149999618530273,12.5,3350
2023-09-18,13.399999618530273,13.399999618530273,13.600000381469727,13.039999961853027,13.600000381469727,2070
2023-09-19,12.899999618530273,12.899999618530273,13.699999809265137,12.0,13.699999809265137,2220
2023-09-20,13.300000190734863,13.300000190734863,13.800000190734863,12.600000381469727,13.100000381469727,1900
2023-09-21,13.100000381469727,13.100000381469727,13.399999618530273,12.399999618530273,13.399999618530273,4010
2023-09-22,13.0,13.0,13.300000190734863,12.399999618530273,13.300000190734863,1640
2023-09-25,12.199999809265137,12.199999809265137,13.359999656677246,12.0,12.600000381469727,4970
2023-09-26,12.600000381469727,12.600000381469727,12.699999809265137,12.0,12.0,2060
2023-09-27,12.300000190734863,12.300000190734863,13.199999809265137,12.180000305175781,12.800000190734863,3450
2023-09-28,12.600000381469727,12.600000381469727,12.899999618530273,12.300000190734863,12.300000190734863,670
2023-09-29,11.0,11.0,12.600000381469727,10.800000190734863,12.600000381469727,4400
2023-10-02,10.199999809265137,10.199999809265137,12.0,9.899999618530273,12.0,12590
2023-10-03,8.75,8.75,10.59000015258789,8.5,10.100000381469727,13650
2023-10-04,11.399999618530273,11.399999618530273,11.899999618530273,8.899999618530273,9.210000038146973,22090
2023-10-05,11.5,11.5,12.399999618530273,11.100000381469727,12.300000190734863,11170
2023-10-06,11.699999809265137,11.699999809265137,11.779999732971191,11.300000190734863,11.5,3390
2023-10-09,12.0,12.0,12.100000381469727,11.399999618530273,12.0,4100
2023-10-10,11.800000190734863,11.800000190734863,12.399999618530273,11.699999809265137,12.0,2370
2023-10-11,11.699999809265137,11.699999809265137,12.199999809265137,11.600000381469727,11.899999618530273,2130
2023-10-12,11.399999618530273,11.399999618530273,12.0,10.949999809265137,11.600000381469727,3800
2023-10-13,11.0,11.0,11.399999618530273,11.0,11.399999618530273,4990
2023-10-16,11.0,11.0,11.279999732971191,10.850000381469727,11.0,1530
2023-10-17,11.300000190734863,11.300000190734863,11.760000228881836,11.0,11.0,4850
2023-10-18,11.0,11.0,11.449999809265137,10.989999771118164,11.399999618530273,1540
2023-10-19,10.5,10.5,11.199999809265137,10.0,10.899999618530273,3300
2023-10-20,10.300000190734863,10.300000190734863,10.899999618530273,9.800000190734863,10.899999618530273,2010
2023-10-23,10.0,10.0,10.5,9.850000381469727,10.5,3440
2023-10-24,9.199999809265137,9.199999809265137,10.399999618530273,9.0,9.880000114440918,4410
2023-10-25,8.920000076293945,8.920000076293945,10.399999618530273,8.710000038146973,9.199999809265137,6790
2023-10-26,9.100000381469727,9.100000381469727,9.390000343322754,8.899999618530273,9.119999885559082,2750
2023-10-27,9.109999656677246,9.109999656677246,9.369999885559082,8.899999618530273,9.199999809265137,2320
2023-10-30,9.800000190734863,9.800000190734863,9.800000190734863,9.0,9.399999618530273,2340
2023-10-31,10.199999809265137,10.199999809265137,10.5,9.699999809265137,9.800000190734863,6200
2023-11-01,10.199999809265137,10.199999809265137,10.399999618530273,10.0,10.300000190734863,1470
2023-11-02,10.300000190734863,10.300000190734863,10.5,10.09000015258789,10.399999618530273,4960
2023-11-03,11.699999809265137,11.699999809265137,11.989999771118164,10.210000038146973,10.399999618530273,6120
2023-11-06,12.100000381469727,12.100000381469727,12.800000190734863,11.199999809265137,12.399999618530273,4430
2023-11-07,11.5,11.5,12.399999618530273,11.5,12.399999618530273,3470
2023-11-08,11.899999618530273,11.899999618530273,12.050000190734863,11.479999542236328,12.0,2250
2023-11-09,11.100000381469727,11.100000381469727,12.100000381469727,10.899999618530273,12.0,3150
2023-11-10,10.5,10.5,11.199999809265137,10.359999656677246,10.800000190734863,2440
2023-11-13,9.100000381469727,9.100000381469727,10.65999984741211,9.0,10.399999618530273,8150
2023-11-14,9.5,9.5,10.5,9.5,9.899999618530273,4960
2023-11-15,10.199999809265137,10.199999809265137,10.800000190734863,9.890000343322754,9.979999542236328,4300
2023-11-16,9.869999885559082,9.869999885559082,10.399999618530273,9.65999984741211,10.399999618530273,1380
2023-11-17,10.300000190734863,10.300000190734863,10.479999542236328,9.600000381469727,9.600000381469727,2460
2023-11-20,10.600000381469727,10.600000381469727,10.800000190734863,10.369999885559082,10.699999809265137,2450
2023-11-21,10.399999618530273,10.399999618530273,10.699999809265137,10.399999618530273,10.5,940
2023-11-22,10.5,10.5,10.699999809265137,10.300000190734863,10.699999809265137,1860
2023-11-24,10.199999809265137,10.199999809265137,10.399999618530273,9.899999618530273,10.300000190734863,800
2023-11-27,9.800000190734863,9.800000190734863,10.600000381469727,9.600000381469727,9.600000381469727,2710
2023-11-28,9.899999618530273,9.899999618530273,10.5,9.800000190734863,9.899999618530273,2480
2023-11-29,10.199999809265137,10.199999809265137,10.600000381469727,10.0,10.0,1970
2023-11-30,10.5,10.5,11.0,10.300000190734863,10.5,3760
2023-12-01,10.399999618530273,10.399999618530273,10.899999618530273,10.199999809265137,10.899999618530273,2170
2023-12-04,10.300000190734863,10.300000190734863,10.600000381469727,10.260000228881836,10.600000381469727,2750
2023-12-05,10.100000381469727,10.100000381469727,10.600000381469727,9.789999961853027,9.789999961853027,5800
2023-12-06,10.100000381469727,10.100000381469727,10.380000114440918,10.0,10.0,2780
2023-12-07,10.199999809265137,10.199999809265137,10.300000190734863,10.100000381469727,10.199999809265137,3100
2023-12-08,10.199999809265137,10.199999809265137,10.5,10.100000381469727,10.100000381469727,1440
2023-12-11,10.0,10.0,10.300000190734863,10.0,10.199999809265137,3150
2023-12-12,10.0,10.0,10.600000381469727,9.930000305175781,10.600000381469727,2890
2023-12-13,10.5,10.5,11.199999809265137,9.600000381469727,10.100000381469727,8720
2023-12-14,10.800000190734863,10.800000190734863,10.899999618530273,10.300000190734863,10.399999618530273,2720
2023-12-15,10.199999809265137,10.199999809265137,10.880000114440918,10.199999809265137,10.399999618530273,3260
2023-12-18,10.199999809265137,10.199999809265137,10.800000190734863,10.0,10.800000190734863,3930
2023-12-19,10.0,10.0,10.5,9.899999618530273,10.100000381469727,5890
2023-12-20,10.0,10.0,10.800000190734863,9.350000381469727,10.0,19170
2023-12-21,10.100000381469727,10.100000381469727,10.600000381469727,10.0,10.600000381469727,1160
2023-12-22,10.100000381469727,10.100000381469727,10.399999618530273,9.609999656677246,10.399999618530273,3770
2023-12-26,10.210000038146973,10.210000038146973,10.5,10.0,10.5,4050
2023-12-27,10.300000190734863,10.300000190734863,10.600000381469727,10.050000190734863,10.5,5610
2023-12-28,11.0,11.0,11.199999809265137,10.399999618530273,10.600000381469727,19730
2023-12-29,10.699999809265137,10.699999809265137,11.5,10.699999809265137,11.300000190734863,5540
2024-01-02,10.899999618530273,10.899999618530273,11.399999618530273,10.600000381469727,10.600000381469727,3660
2024-01-03,11.0,11.0,11.140000343322754,10.699999809265137,11.0,2290
2024-01-04,11.199999809265137,11.199999809265137,11.199999809265137,10.710000038146973,11.0,1390
2024-01-05,10.399999618530273,10.399999618530273,11.140000343322754,10.399999618530273,10.600000381469727,2940
2024-01-08,10.5,10.5,10.699999809265137,10.199999809265137,10.399999618530273,2050
2024-01-09,10.100000381469727,10.100000381469727,10.59000015258789,10.0,10.399999618530273,2580
2024-01-10,10.0,10.0,10.300000190734863,9.899999618530273,10.100000381469727,3140
2024-01-11,9.800000190734863,9.800000190734863,10.100000381469727,9.800000190734863,9.8100004196167,1620
2024-01-12,9.890000343322754,9.890000343322754,10.0,9.800000190734863,10.0,6100
2024-01-16,8.699999809265137,8.699999809265137,9.510000228881836,7.5,9.220000267028809,18860
2024-01-17,8.859999656677246,8.859999656677246,10.399999618530273,8.699999809265137,8.699999809265137,19160
2024-01-18,8.649999618530273,8.649999618530273,9.470000267028809,8.199999809265137,9.300000190734863,4090
2024-01-19,8.800000190734863,8.800000190734863,8.850000381469727,8.399999618530273,8.600000381469727,2880
2024-01-22,8.920000076293945,8.920000076293945,9.399999618530273,8.800000190734863,9.300000190734863,4990
2024-01-23,8.899999618530273,8.899999618530273,9.09000015258789,8.8100004196167,8.899999618530273,3030
2024-01-24,8.970000267028809,8.970000267028809,9.5,8.520000457763672,8.949999809265137,13280
2024-01-25,8.600000381469727,8.600000381469727,9.300000190734863,8.539999961853027,9.300000190734863,4700
2024-01-26,8.430000305175781,8.430000305175781,8.710000038146973,8.100000381469727,8.529999732971191,9970
2024-01-29,8.600000381469727,8.600000381469727,8.600000381469727,8.270000457763672,8.270000457763672,1220
2024-01-30,8.489999771118164,8.489999771118164,8.899999618530273,8.270000457763672,8.899999618530273,4430
2024-01-31,8.649999618530273,8.649999618530273,8.800000190734863,8.270000457763672,8.5,1670
2024-02-01,8.989999771118164,8.989999771118164,9.300000190734863,8.600000381469727,8.899999618530273,1990
2024-02-02,8.989999771118164,8.989999771118164,9.0,8.649999618530273,9.0,960
2024-02-05,8.529999732971191,8.529999732971191,9.289999961853027,8.100000381469727,8.800000190734863,3540
2024-02-06,9.399999618530273,9.399999618530273,9.5,8.890000343322754,9.0,8930
2024-02-07,8.420000076293945,8.420000076293945,9.5,8.0,9.5,18760
2024-02-08,8.600000381469727,8.600000381469727,9.0,8.0,8.430000305175781,15780
2024-02-09,9.100000381469727,9.100000381469727,9.149999618530273,8.5,8.899999618530273,3050
2024-02-12,9.40999984741211,9.40999984741211,9.699999809265137,9.100000381469727,9.100000381469727,3650
2024-02-13,9.279999732971191,9.279999732971191,9.300000190734863,9.0,9.300000190734863,2210
2024-02-14,10.0,10.0,10.0,9.149999618530273,9.399999618530273,4810
2024-02-15,9.300000190734863,9.300000190734863,10.369999885559082,9.039999961853027,9.699999809265137,10520
2024-02-16,9.1899995803833,9.1899995803833,9.699999809265137,8.829999923706055,9.199999809265137,5030
2024-02-20,9.390000343322754,9.390000343322754,9.520000457763672,9.100000381469727,9.520000457763672,1930
2024-02-21,9.199999809265137,9.199999809265137,9.5,9.100000381469727,9.300000190734863,3110
2024-02-22,9.270000457763672,9.270000457763672,9.399999618530273,8.8100004196167,9.399999618530273,4040
2024-02-23,9.0,9.0,9.399999618530273,8.899999618530273,9.0,3570
2024-02-26,9.260000228881836,9.260000228881836,9.300000190734863,9.0,9.0,980
2024-02-27,9.390000343322754,9.390000343322754,9.5,9.300000190734863,9.300000190734863,3440
2024-02-28,9.5,9.5,9.800000190734863,9.100000381469727,9.350000381469727,6310
2024-02-29,9.210000038146973,9.210000038146973,10.0,9.109999656677246,9.779999732971191,5290
2024-03-01,9.5,9.5,9.770000457763672,9.210000038146973,9.770000457763672,2910
2024-03-04,9.899999618530273,9.899999618530273,10.25,9.399999618530273,10.100000381469727,9780
2024-03-05,9.800000190734863,9.800000190734863,10.100000381469727,9.210000038146973,10.100000381469727,6350
2024-03-06,9.760000228881836,9.760000228881836,9.949999809265137,9.210000038146973,9.899999618530273,8880
2024-03-07,9.3100004196167,9.3100004196167,9.75,9.300000190734863,9.569999694824219,4400
2024-03-08,9.619999885559082,9.619999885559082,9.699999809265137,9.210000038146973,9.600000381469727,2280
2024-03-11,9.5,9.5,9.890000343322754,9.020000457763672,9.569999694824219,5050
2024-03-12,9.119999885559082,9.119999885559082,9.75,9.109999656677246,9.329999923706055,2600
2024-03-13,9.100000381469727,9.100000381469727,9.489999771118164,9.0,9.300000190734863,5290
2024-03-14,8.899999618530273,8.899999618530273,9.149999618530273,8.199999809265137,9.149999618530273,14410
2024-03-15,8.949999809265137,8.949999809265137,9.140000343322754,8.100000381469727,8.899999618530273,3830
2024-03-18,8.600000381469727,8.600000381469727,9.109999656677246,8.600000381469727,9.100000381469727,3840
2024-03-19,8.600000381469727,8.600000381469727,9.050000190734863,8.5,8.600000381469727,1890
2024-03-20,8.960000038146973,8.960000038146973,9.100000381469727,7.800000190734863,8.880000114440918,6690
2024-03-21,8.899999618530273,8.899999618530273,9.100000381469727,8.550000190734863,9.100000381469727,4750
2024-03-22,8.699999809265137,8.699999809265137,8.899999618530273,8.649999618530273,8.710000038146973,3280
2024-03-25,9.180000305175781,9.180000305175781,9.199999809265137,8.65999984741211,8.800000190734863,4430
2024-03-26,9.380000114440918,9.380000114440918,9.5,9.010000228881836,9.199999809265137,3580
2024-03-27,9.100000381469727,9.100000381469727,9.300000190734863,9.050000190734863,9.300000190734863,3410
2024-03-28,9.079999923706055,9.079999923706055,9.300000190734863,9.0,9.1899995803833,3510
2024-04-01,9.479999542236328,9.479999542236328,9.5,9.100000381469727,9.5,3670
2024-04-02,9.399999618530273,9.399999618530273,9.550000190734863,9.100000381469727,9.550000190734863,3550
2024-04-03,9.649999618530273,9.649999618530273,9.800000190734863,9.300000190734863,9.5,5830
2024-04-04,13.399999618530273,13.399999618530273,13.5,9.390000343322754,9.75,77170
2024-04-05,15.600000381469727,15.600000381469727,19.0,13.399999618530273,14.0,152950
2024-04-08,13.199999809265137,13.199999809265137,15.800000190734863,12.100000381469727,15.800000190734863,45950
2024-04-09,10.100000381469727,10.100000381469727,13.699999809265137,9.800000190734863,13.5,41080
2024-04-10,10.0,10.0,11.100000381469727,9.800000190734863,11.100000381469727,6880
2024-04-11,10.199999809265137,10.199999809265137,10.5,9.8100004196167,10.199999809265137,2410
2024-04-12,9.850000381469727,9.850000381469727,10.279999732971191,9.699999809265137,10.100000381469727,6250
2024-04-15,9.09000015258789,9.09000015258789,10.199999809265137,8.899999618530273,10.100000381469727,7660
2024-04-16,9.029999732971191,9.029999732971191,9.399999618530273,8.899999618530273,9.0,4400
2024-04-17,9.149999618530273,9.149999618530273,9.300000190734863,8.899999618530273,8.899999618530273,2540
2024-04-18,8.720000267028809,8.720000267028809,9.600000381469727,8.710000038146973,9.180000305175781,4250
2024-04-19,8.760000228881836,8.760000228881836,9.0,8.609999656677246,8.710000038146973,4030
2024-04-22,8.9399995803833,8.9399995803833,9.050000190734863,8.619999885559082,9.050000190734863,4000
2024-04-23,8.710000038146973,8.710000038146973,9.270000457763672,8.699999809265137,8.890000343322754,9700
2024-04-24,8.890000343322754,8.890000343322754,9.300000190734863,8.600000381469727,8.600000381469727,3860
2024-04-25,8.710000038146973,8.710000038146973,9.199999809265137,8.600000381469727,9.0,4010
2024-04-26,9.279999732971191,9.279999732971191,9.300000190734863,8.8100004196167,9.0,3240
2024-04-29,9.5,9.5,9.800000190734863,9.100000381469727,9.300000190734863,5830
2024-04-30,9.899999618530273,9.899999618530273,9.899999618530273,9.319999694824219,9.899999618530273,3410
2024-05-01,9.529999732971191,9.529999732971191,9.899999618530273,9.3100004196167,9.899999618530273,8050
2024-05-02,9.6899995803833,9.6899995803833,9.699999809265137,9.220000267028809,9.449999809265137,4010
2024-05-03,9.800000190734863,9.800000190734863,9.899999618530273,9.399999618530273,9.899999618530273,2950
2024-05-06,9.40999984741211,9.40999984741211,10.100000381469727,9.40999984741211,9.800000190734863,11950
2024-05-07,9.300000190734863,9.300000190734863,9.770000457763672,9.239999771118164,9.40999984741211,5880
2024-05-08,9.300000190734863,9.300000190734863,9.520000457763672,9.199999809265137,9.300000190734863,1900
2024-05-09,8.989999771118164,8.989999771118164,9.300000190734863,8.600000381469727,9.300000190734863,13560
2024-05-10,9.0,9.0,9.199999809265137,8.899999618530273,9.199999809265137,2010
2024-05-13,9.800000190734863,9.800000190734863,10.800000190734863,9.5,10.399999618530273,458330
2024-05-14,11.199999809265137,11.199999809265137,11.600000381469727,9.699999809265137,9.699999809265137,63370
2024-05-15,10.399999618530273,10.399999618530273,13.0,9.3100004196167,10.899999618530273,56020
2024-05-16,10.399999618530273,10.399999618530273,11.0,9.800000190734863,10.600000381469727,7650
2024-05-17,10.100000381469727,10.100000381469727,10.399999618530273,9.800000190734863,10.199999809265137,6880
2024-05-20,10.100000381469727,10.100000381469727,10.5,9.899999618530273,10.300000190734863,2820
2024-05-21,9.899999618530273,9.899999618530273,10.199999809265137,9.8100004196167,9.960000038146973,3380
2024-05-22,10.0,10.0,10.180000305175781,9.40999984741211,10.100000381469727,8790
2024-05-23,9.850000381469727,9.850000381469727,10.199999809265137,9.699999809265137,9.699999809265137,9230
2024-05-24,9.600000381469727,9.600000381469727,10.199999809265137,9.5,9.899999618530273,4760
2024-05-28,9.399999618530273,9.399999618530273,9.819999694824219,9.300000190734863,9.600000381469727,18190
2024-05-29,9.6899995803833,9.6899995803833,9.739999771118164,9.300000190734863,9.399999618530273,1370
2024-05-30,9.600000381469727,9.600000381469727,9.829999923706055,9.350000381469727,9.789999961853027,2280
2024-05-31,9.699999809265137,9.699999809265137,9.850000381469727,9.399999618530273,9.699999809265137,3220
2024-06-03,9.949999809265137,9.949999809265137,10.199999809265137,8.5,9.800000190734863,16240
2024-06-04,9.949999809265137,9.949999809265137,10.0,9.5,9.899999618530273,4600
2024-06-05,10.0,10.0,10.029999732971191,9.630000114440918,9.949999809265137,5180
2024-06-06,9.800000190734863,9.800000190734863,10.0,9.609999656677246,9.899999618530273,4080
2024-06-07,9.640000343322754,9.640000343322754,9.960000038146973,9.5,9.600000381469727,4600
2024-06-10,9.520000457763672,9.520000457763672,10.100000381469727,9.510000228881836,10.100000381469727,3590
2024-06-11,9.899999618530273,9.899999618530273,10.0,9.510000228881836,9.800000190734863,1260
2024-06-12,9.640000343322754,9.640000343322754,10.100000381469727,9.510000228881836,9.899999618530273,3310
2024-06-13,9.65999984741211,9.65999984741211,9.819999694824219,9.569999694824219,9.609999656677246,1640
2024-06-14,9.199999809265137,9.199999809265137,9.800000190734863,9.020000457763672,9.699999809265137,5580
2024-06-17,9.100000381469727,9.100000381469727,9.479999542236328,9.0,9.100000381469727,3300
2024-06-18,8.770000457763672,8.770000457763672,9.279999732971191,8.770000457763672,9.100000381469727,5630
2024-06-20,8.699999809265137,8.699999809265137,9.0,8.699999809265137,8.800000190734863,3220
2024-06-21,9.149999618530273,9.149999618530273,9.149999618530273,8.699999809265137,8.899999618530273,4530
2024-06-24,9.0,9.0,9.5,8.699999809265137,9.5,5790
2024-06-25,8.899999618530273,8.899999618530273,9.300000190734863,8.899999618530273,9.100000381469727,3600
2024-06-26,8.899999618530273,8.899999618530273,9.25,8.84000015258789,8.899999618530273,2140
2024-06-27,9.300000190734863,9.300000190734863,9.300000190734863,8.850000381469727,9.0,3090
2024-06-28,9.489999771118164,9.489999771118164,9.489999771118164,9.050000190734863,9.289999961853027,3820
2024-07-01,9.15999984741211,9.15999984741211,9.5,8.899999618530273,9.5,3250
2024-07-02,8.899999618530273,8.899999618530273,9.5,8.850000381469727,9.399999618530273,1990
2024-07-03,9.010000228881836,9.010000228881836,9.229999542236328,8.899999618530273,8.899999618530273,860
2024-07-05,9.199999809265137,9.199999809265137,9.289999961853027,8.850000381469727,8.899999618530273,1450
2024-07-08,8.899999618530273,8.899999618530273,9.199999809265137,8.699999809265137,9.0,4640
2024-07-09,8.90999984741211,8.90999984741211,9.300000190734863,8.5,8.899999618530273,7470
2024-07-10,8.699999809265137,8.699999809265137,9.199999809265137,8.680000305175781,8.710000038146973,3760
2024-07-11,9.6899995803833,9.6899995803833,9.6899995803833,8.3100004196167,9.100000381469727,25670
2024-07-12,11.199999809265137,11.199999809265137,11.300000190734863,9.649999618530273,9.649999618530273,23020
2024-07-15,11.399999618530273,11.399999618530273,12.300000190734863,11.0,11.199999809265137,13370
2024-07-16,10.399999618530273,10.399999618530273,11.600000381469727,10.0,11.5,14530
2024-07-17,10.5,10.5,10.9399995803833,10.199999809265137,10.199999809265137,2250
2024-07-18,9.600000381469727,9.600000381469727,10.600000381469727,9.529999732971191,10.399999618530273,10900
2024-07-19,8.800000190734863,8.800000190734863,12.399999618530273,8.5,9.800000190734863,52400
2024-07-22,9.0,9.0,9.199999809265137,8.699999809265137,8.699999809265137,7240
2024-07-23,9.0600004196167,9.0600004196167,9.640000343322754,8.800000190734863,9.100000381469727,6970
2024-07-24,9.100000381469727,9.100000381469727,9.600000381469727,8.800000190734863,8.800000190734863,2300
2024-07-25,9.300000190734863,9.300000190734863,10.0,9.199999809265137,10.0,8700
2024-07-26,8.979999542236328,8.979999542236328,9.5,8.800000190734863,9.5,4900
2024-07-29,8.899999618530273,8.899999618530273,9.65999984741211,8.800000190734863,9.199999809265137,1860
2024-07-30,9.239999771118164,9.239999771118164,9.5,8.6899995803833,8.6899995803833,6650
2024-07-31,9.399999618530273,9.399999618530273,9.430000305175781,9.0,9.15999984741211,1910
2024-08-01,8.979999542236328,8.979999542236328,9.300000190734863,8.710000038146973,9.0,5490
2024-08-02,8.729999542236328,8.729999542236328,8.899999618530273,8.5,8.710000038146973,3950
2024-08-05,8.130000114440918,8.130000114440918,8.699999809265137,8.100000381469727,8.699999809265137,8930
2024-08-06,8.479999542236328,8.479999542236328,8.5,8.100000381469727,8.399999618530273,2120
2024-08-07,8.390000343322754,8.390000343322754,8.5,8.0,8.300000190734863,4060
2024-08-08,8.100000381469727,8.100000381469727,8.489999771118164,8.020000457763672,8.020000457763672,1390
2024-08-09,7.900000095367432,7.900000095367432,8.109999656677246,7.849999904632568,8.109999656677246,4730
2024-08-12,8.350000381469727,8.350000381469727,8.399999618530273,7.800000190734863,8.0,5890
2024-08-13,8.489999771118164,8.489999771118164,8.75,8.100000381469727,8.59000015258789,5540
2024-08-14,8.399999618530273,8.399999618530273,8.720000267028809,8.199999809265137,8.720000267028809,2010
2024-08-15,8.210000038146973,8.210000038146973,8.5,8.100000381469727,8.5,1810
2024-08-16,8.100000381469727,8.100000381469727,8.5,8.0,8.0,4520
2024-08-19,8.390000343322754,8.390000343322754,8.5,8.100000381469727,8.399999618530273,3290
2024-08-20,8.300000190734863,8.300000190734863,8.449999809265137,8.0,8.1899995803833,1400
2024-08-21,8.390000343322754,8.390000343322754,8.550000190734863,8.010000228881836,8.550000190734863,2340
2024-08-22,8.079999923706055,8.079999923706055,8.239999771118164,8.0,8.239999771118164,4540
2024-08-23,8.199999809265137,8.199999809265137,8.399999618530273,7.900000095367432,8.199999809265137,5410
2024-08-26,8.010000228881836,8.010000228881836,8.399999618530273,8.010000228881836,8.199999809265137,1230
2024-08-27,8.199999809265137,8.199999809265137,8.220000267028809,8.010000228881836,8.010000228881836,1020
2024-08-28,7.949999809265137,7.949999809265137,8.199999809265137,7.900000095367432,8.199999809265137,6310
2024-08-29,7.900000095367432,7.900000095367432,8.039999961853027,7.900000095367432,7.909999847412109,2940
2024-08-30,8.100000381469727,8.100000381469727,8.100000381469727,7.900000095367432,7.900000095367432,2740
2024-09-03,8.199999809265137,8.199999809265137,8.199999809265137,7.949999809265137,8.0,620
2024-09-04,7.989999771118164,7.989999771118164,8.109999656677246,7.900000095367432,7.949999809265137,1000
2024-09-05,7.900000095367432,7.900000095367432,7.960000038146973,7.900000095367432,7.949999809265137,5340
2024-09-06,7.880000114440918,7.880000114440918,8.350000381469727,7.710000038146973,8.300000190734863,4470
2024-09-09,7.980000019073486,7.980000019073486,8.09000015258789,7.699999809265137,7.699999809265137,1790
2024-09-10,7.849999904632568,7.849999904632568,8.149999618530273,7.710000038146973,8.100000381469727,1380
2024-09-11,7.75,7.75,7.980000019073486,7.599999904632568,7.599999904632568,2420
2024-09-12,7.639999866485596,7.639999866485596,7.889999866485596,7.639999866485596,7.849999904632568,2210
2024-09-13,7.760000228881836,7.760000228881836,7.96999979019165,7.510000228881836,7.889999866485596,1140
2024-09-16,7.519999980926514,7.519999980926514,7.900000095367432,7.400000095367432,7.400000095367432,3770
2024-09-17,7.5,7.5,7.75,7.5,7.5,1400
2024-09-18,7.400000095367432,7.400000095367432,7.599999904632568,7.110000133514404,7.5,4110
2024-09-19,7.670000076293945,7.670000076293945,7.849999904632568,7.199999809265137,7.300000190734863,2710
2024-09-20,7.539999961853027,7.539999961853027,7.75,7.400000095367432,7.400000095367432,1800
2024-09-23,7.480000019073486,7.480000019073486,7.690000057220459,7.400000095367432,7.690000057220459,650
2024-09-24,7.400000095367432,7.400000095367432,7.690000057220459,7.400000095367432,7.539999961853027,880
2024-09-25,7.599999904632568,7.599999904632568,7.699999809265137,7.5,7.5,1770
2024-09-26,7.599999904632568,7.599999904632568,7.699999809265137,7.449999809265137,7.539999961853027,1130
2024-09-27,7.519999980926514,7.519999980926514,7.539999961853027,7.400000095367432,7.449999809265137,1230
2024-09-30,7.5,7.5,7.519999980926514,7.349999904632568,7.519999980926514,1580
2024-10-01,7.349999904632568,7.349999904632568,7.699999809265137,7.349999904632568,7.519999980926514,2350
2024-10-02,7.449999809265137,7.449999809265137,7.510000228881836,7.300000190734863,7.449999809265137,1190
2024-10-03,7.349999904632568,7.349999904632568,7.599999904632568,7.239999771118164,7.400000095367432,810
2024-10-04,7.170000076293945,7.170000076293945,7.619999885559082,7.150000095367432,7.5,1440
2024-10-07,7.099999904632568,7.099999904632568,7.389999866485596,7.099999904632568,7.199999809265137,800
2024-10-08,6.78000020980835,6.78000020980835,7.199999809265137,5.699999809265137,7.199999809265137,60150
2024-10-09,6.769999980926514,6.769999980926514,6.78000020980835,6.010000228881836,6.019999980926514,8470
2024-10-10,6.699999809265137,6.699999809265137,6.78000020980835,6.5,6.78000020980835,2430
2024-10-11,6.710000038146973,6.710000038146973,7.0,6.599999904632568,6.699999809265137,3620
2024-10-14,6.800000190734863,6.800000190734863,7.0,6.679999828338623,6.800000190734863,2610
2024-10-15,6.650000095367432,6.650000095367432,7.0,6.5,7.0,1950
2024-10-16,6.900000095367432,6.900000095367432,7.0,6.699999809265137,6.949999809265137,2500
2024-10-17,6.699999809265137,6.699999809265137,7.159999847412109,6.699999809265137,6.900000095367432,2520
2024-10-18,6.829999923706055,6.829999923706055,7.170000076293945,6.699999809265137,6.800000190734863,2080
2024-10-21,6.909999847412109,6.909999847412109,7.239999771118164,6.900000095367432,7.239999771118164,1440
2024-10-22,7.199999809265137,7.199999809265137,7.300000190734863,6.900000095367432,7.159999847412109,1680
2024-10-23,7.199999809265137,7.199999809265137,7.28000020980835,6.900000095367432,7.25,1750
2024-10-24,7.239999771118164,7.239999771118164,7.28000020980835,7.099999904632568,7.190000057220459,2690
2024-10-25,7.090000152587891,7.090000152587891,7.199999809265137,7.0,7.110000133514404,1650
2024-10-28,7.489999771118164,7.489999771118164,7.5,7.090000152587891,7.320000171661377,2390
2024-10-29,7.300000190734863,7.300000190734863,7.489999771118164,7.099999904632568,7.269999980926514,1900
2024-10-30,7.210000038146973,7.210000038146973,7.489999771118164,7.199999809265137,7.289999961853027,1360
2024-10-31,7.139999866485596,7.139999866485596,7.150000095367432,6.769999980926514,7.150000095367432,3810
2024-11-01,7.090000152587891,7.090000152587891,7.269999980926514,6.769999980926514,6.769999980926514,2570
2024-11-04,7.289999961853027,7.289999961853027,7.5,6.800000190734863,7.199999809265137,6660
2024-11-05,7.199999809265137,7.199999809265137,7.489999771118164,7.199999809265137,7.489999771118164,2210
2024-11-06,7.320000171661377,7.320000171661377,7.489999771118164,7.110000133514404,7.110000133514404,2530
2024-11-07,7.349999904632568,7.349999904632568,7.699999809265137,7.349999904632568,7.400000095367432,4010
2024-11-08,7.5,7.5,7.699999809265137,7.349999904632568,7.53000020980835,4060
2024-11-11,7.5,7.5,7.800000190734863,7.409999847412109,7.599999904632568,4150
2024-11-12,7.800000190734863,7.800000190734863,7.800000190734863,7.400000095367432,7.71999979019165,4470
2024-11-13,7.940000057220459,7.940000057220459,7.949999809265137,7.5,7.900000095367432,8450
2024-11-14,7.5,7.5,8.0,7.400000095367432,8.0,2830
2024-11-15,7.539999961853027,7.539999961853027,8.0,6.900000095367432,7.78000020980835,3290
2024-11-18,6.949999809265137,6.949999809265137,7.610000133514404,6.920000076293945,7.610000133514404,3500
2024-11-19,6.869999885559082,6.869999885559082,7.25,6.869999885559082,7.199999809265137,4700
2024-11-20,7.050000190734863,7.050000190734863,7.150000095367432,6.659999847412109,6.900000095367432,2180
2024-11-21,6.900000095367432,6.900000095367432,7.099999904632568,6.699999809265137,6.829999923706055,2430
2024-11-22,6.800000190734863,6.800000190734863,7.099999904632568,6.710000038146973,6.900000095367432,3570
2024-11-25,6.920000076293945,6.920000076293945,7.099999904632568,6.800000190734863,7.0,6010
2024-11-26,7.239999771118164,7.239999771118164,7.400000095367432,6.829999923706055,7.400000095367432,4280
2024-11-27,7.199999809265137,7.199999809265137,7.289999961853027,7.159999847412109,7.159999847412109,1340
2024-11-29,7.329999923706055,7.329999923706055,7.349999904632568,7.0,7.0,1490
2024-12-02,7.320000171661377,7.320000171661377,7.610000133514404,7.110000133514404,7.400000095367432,3210
2024-12-03,7.199999809265137,7.199999809265137,7.480000019073486,7.099999904632568,7.099999904632568,800
2024-12-04,7.0,7.0,7.5,7.0,7.300000190734863,4240
2024-12-05,6.829999923706055,6.829999923706055,7.199999809265137,6.5,7.199999809265137,5630
2024-12-06,6.78000020980835,6.78000020980835,6.900000095367432,6.400000095367432,6.5,10840
2024-12-09,6.800000190734863,6.800000190734863,6.96999979019165,6.420000076293945,6.599999904632568,4940
2024-12-10,6.619999885559082,6.619999885559082,6.880000114440918,6.409999847412109,6.880000114440918,3770
2024-12-11,6.5,6.5,6.730000019073486,6.389999866485596,6.389999866485596,2560
2024-12-12,6.300000190734863,6.300000190734863,6.570000171661377,6.300000190734863,6.400000095367432,2400
2024-12-13,6.159999847412109,6.159999847412109,6.71999979019165,6.0,6.300000190734863,4810
2024-12-16,5.800000190734863,5.800000190734863,6.300000190734863,5.599999904632568,6.159999847412109,10110
2024-12-17,5.389999866485596,5.389999866485596,6.199999809265137,5.300000190734863,5.730000019073486,11300
2024-12-18,4.630000114440918,4.630000114440918,5.820000171661377,4.630000114440918,5.300000190734863,6150
2024-12-19,5.0,5.0,5.539999961853027,4.710000038146973,5.110000133514404,8870
2024-12-20,5.239999771118164,5.239999771118164,5.25,4.800000190734863,5.25,10150
2024-12-23,4.909999847412109,4.909999847412109,5.5,4.900000095367432,5.300000190734863,12310
2024-12-24,5.289999961853027,5.289999961853027,5.400000095367432,4.900000095367432,5.21999979019165,8680
2024-12-26,5.28000020980835,5.28000020980835,5.5,5.0,5.300000190734863,9510
2024-12-27,5.75,5.75,5.75,5.010000228881836,5.300000190734863,12200
2024-12-30,6.300000190734863,6.300000190734863,6.400000095367432,5.800000190734863,6.25,9760
2024-12-31,6.96999979019165,6.96999979019165,6.96999979019165,6.300000190734863,6.800000190734863,25930
2025-01-02,10.100000381469727,10.100000381469727,12.300000190734863,6.800000190734863,7.0,186940
2025-01-03,8.869999885559082,8.869999885559082,10.399999618530273,8.300000190734863,10.399999618530273,33790
2025-01-06,9.020000457763672,9.020000457763672,9.180000305175781,8.619999885559082,9.0,12820
2025-01-07,9.199999809265137,9.199999809265137,9.399999618530273,8.600000381469727,9.100000381469727,9470
2025-01-08,7.800000190734863,7.800000190734863,8.890000343322754,7.380000114440918,8.8100004196167,25020
2025-01-10,7.309999942779541,7.309999942779541,8.0,7.0,8.0,11290
2025-01-13,7.739999771118164,7.739999771118164,8.199999809265137,7.5,7.590000152587891,12350
2025-01-14,8.5,8.5,8.600000381469727,7.369999885559082,7.800000190734863,12270
2025-01-15,8.699999809265137,8.699999809265137,9.050000190734863,8.270000457763672,8.699999809265137,8510
2025-01-16,8.319999694824219,8.319999694824219,8.899999618530273,8.300000190734863,8.6899995803833,6970
2025-01-17,8.800000190734863,8.800000190734863,8.899999618530273,8.210000038146973,8.779999732971191,9460
2025-01-21,9.5,9.5,9.800000190734863,8.600000381469727,8.800000190734863,26160
2025-01-22,10.100000381469727,10.100000381469727,10.699999809265137,8.699999809265137,9.010000228881836,41730
2025-01-23,9.75,9.75,10.199999809265137,9.079999923706055,10.199999809265137,17740
2025-01-24,9.350000381469727,9.350000381469727,9.800000190734863,8.84000015258789,9.770000457763672,5750
2025-01-27,8.84000015258789,8.84000015258789,9.789999961853027,8.699999809265137,9.350000381469727,13580
2025-01-28,5.510000228881836,5.510000228881836,8.600000381469727,4.559999942779541,8.600000381469727,300800
2025-01-29,6.599999904632568,6.599999904632568,7.309999942779541,5.550000190734863,5.699999809265137,139300
2025-01-30,6.889999866485596,6.889999866485596,7.210000038146973,6.099999904632568,6.739999771118164,63200
2025-01-31,9.15999984741211,9.15999984741211,9.199999809265137,6.920000076293945,6.949999809265137,83400
2025-02-03,7.860000133514404,7.860000133514404,9.449999809265137,7.860000133514404,8.930000305175781,40000
2025-02-04,12.029999732971191,12.029999732971191,13.609999656677246,7.320000171661377,7.949999809265137,350900
2025-02-05,10.850000381469727,10.850000381469727,13.789999961853027,10.75,11.90999984741211,202100
2025-02-06,11.100000381469727,11.100000381469727,12.559000015258789,10.899999618530273,10.899999618530273,54800
2025-02-07,11.1899995803833,11.1899995803833,11.989999771118164,10.800000190734863,11.4399995803833,31100
2025-02-10,9.960000038146973,9.960000038146973,11.180000305175781,9.960000038146973,11.180000305175781,27000
2025-02-11,10.180000305175781,10.180000305175781,10.600000381469727,9.899999618530273,10.0600004196167,6500
2025-02-12,9.380000114440918,9.380000114440918,9.9399995803833,8.850000381469727,9.9399995803833,31100
2025-02-13,9.229999542236328,9.229999542236328,9.350000381469727,9.0,9.335000038146973,4900
2025-02-14,9.498000144958496,9.498000144958496,9.670000076293945,9.036999702453613,9.248000144958496,4400
2025-02-18,9.949999809265137,9.949999809265137,9.979999542236328,9.529999732971191,9.600000381469727,13700
2025-02-19,9.489999771118164,9.489999771118164,9.819999694824219,9.39900016784668,9.5,4500
2025-02-20,9.857000350952148,9.857000350952148,10.0,8.970000267028809,9.649999618530273,13200
2025-02-21,10.100000381469727,10.100000381469727,10.380000114440918,9.90999984741211,10.0,6300
2025-02-24,10.649999618530273,10.649999618530273,12.0,9.989999771118164,10.0,21200
2025-02-25,9.65999984741211,9.65999984741211,10.736000061035156,9.09000015258789,10.319999694824219,24600
2025-02-26,9.3149995803833,9.3149995803833,9.541000366210938,9.199999809265137,9.25,6500
2025-02-27,9.100000381469727,9.100000381469727,9.41100025177002,8.869999885559082,9.3100004196167,4800
2025-02-28,8.949999809265137,8.949999809265137,9.050000190734863,7.900000095367432,8.84000015258789,11300
2025-03-03,8.793000221252441,8.793000221252441,8.800000190734863,8.385000228881836,8.609999656677246,11600
2025-03-04,8.100000381469727,8.100000381469727,8.517999649047852,7.789999961853027,8.270000457763672,14900
2025-03-05,8.149999618530273,8.149999618530273,8.619999885559082,8.09000015258789,8.09000015258789,3000
2025-03-06,8.15999984741211,8.15999984741211,8.800000190734863,7.900000095367432,7.942999839782715,12900
2025-03-07,8.199999809265137,8.199999809265137,8.878999710083008,8.109999656677246,8.149999618530273,12100
2025-03-10,7.659999847412109,7.659999847412109,8.432000160217285,7.539999961853027,7.949999809265137,11100
2025-03-11,7.809999942779541,7.809999942779541,8.390000343322754,7.539999961853027,7.539999961853027,7100
2025-03-12,7.980000019073486,7.980000019073486,8.430000305175781,7.820000171661377,7.820000171661377,5400
2025-03-13,7.980000019073486,7.980000019073486,8.5,7.807000160217285,7.900000095367432,4800
2025-03-14,8.48799991607666,8.48799991607666,8.48799991607666,8.175000190734863,8.369999885559082,2500
2025-03-17,8.520000457763672,8.520000457763672,9.710000038146973,8.520000457763672,8.970000267028809,15700
2025-03-18,8.239999771118164,8.239999771118164,9.220000267028809,7.699999809265137,9.220000267028809,32300
2025-03-19,7.920000076293945,7.920000076293945,8.649999618530273,7.800000190734863,7.800000190734863,7900
2025-03-20,8.40999984741211,8.40999984741211,8.6899995803833,7.922999858856201,8.637999534606934,19500
2025-03-21,9.100000381469727,9.100000381469727,9.569999694824219,8.029000282287598,8.104999542236328,10400
2025-03-24,8.569999694824219,8.569999694824219,9.680000305175781,8.4399995803833,8.829999923706055,4400
2025-03-25,8.569999694824219,8.569999694824219,9.1899995803833,8.5,8.569999694824219,5900
2025-03-26,8.5,8.5,8.859999656677246,7.809999942779541,8.5600004196167,9000
2025-03-27,9.225000381469727,9.225000381469727,9.225000381469727,8.800000190734863,8.815999984741211,7000
2025-03-28,9.029999732971191,9.029999732971191,9.109999656677246,9.0,9.050000190734863,1900
2025-03-31,8.640000343322754,8.640000343322754,9.25,8.600000381469727,8.720000267028809,4800
2025-04-01,9.220000267028809,9.220000267028809,9.670000076293945,8.53499984741211,9.670000076293945,5900
2025-04-02,8.970000267028809,8.970000267028809,9.479999542236328,8.649999618530273,8.649999618530273,3500
2025-04-03,8.75,8.75,8.970000267028809,8.559000015258789,8.970000267028809,3300
2025-04-04,8.40999984741211,8.40999984741211,8.649999618530273,7.800000190734863,8.5,14600
2025-04-07,8.239999771118164,8.239999771118164,8.390000343322754,7.801000118255615,8.15999984741211,4500
2025-04-08,7.809999942779541,7.809999942779541,8.569999694824219,7.800000190734863,8.194999694824219,4600
2025-04-09,7.590000152587891,7.590000152587891,8.479999542236328,7.5,7.800000190734863,12300
2025-04-10,7.579999923706055,7.579999923706055,7.590000152587891,7.510000228881836,7.590000152587891,2700
2025-04-11,8.319999694824219,8.319999694824219,8.59000015258789,7.369999885559082,8.5600004196167,4800
2025-04-14,7.561999797821045,7.561999797821045,8.569999694824219,7.561999797821045,8.354999542236328,3300
2025-04-15,7.75,7.75,7.824999809265137,7.650000095367432,7.650000095367432,2400
2025-04-16,7.829999923706055,7.829999923706055,7.829999923706055,7.234000205993652,7.234000205993652,2800
2025-04-17,7.25,7.25,8.010000228881836,7.25,7.65500020980835,2300
2025-04-21,7.260000228881836,7.260000228881836,7.449999809265137,7.25,7.449999809265137,2500
2025-04-22,7.534999847412109,7.534999847412109,7.675000190734863,7.409999847412109,7.449999809265137,5500
2025-04-23,7.610000133514404,7.610000133514404,7.610000133514404,7.610000133514404,7.610000133514404,1200
2025-04-24,7.5,7.5,7.5,7.5,7.5,1300
2025-04-25,7.699999809265137,7.699999809265137,7.699999809265137,7.269000053405762,7.269000053405762,1200
2025-04-28,7.5,7.5,8.010000228881836,7.5,7.769999980926514,2000
2025-04-29,7.860000133514404,7.860000133514404,7.860000133514404,7.199999809265137,7.199999809265137,2400
2025-04-30,7.452000141143799,7.452000141143799,7.800000190734863,7.452000141143799,7.800000190734863,1600
2025-05-01,7.400000095367432,7.400000095367432,7.400000095367432,7.400000095367432,7.400000095367432,900
2025-05-02,7.599999904632568,7.599999904632568,7.96999979019165,7.199999809265137,7.701000213623047,1700
2025-05-05,7.590000152587891,7.590000152587891,7.948999881744385,7.239999771118164,7.559999942779541,4300
2025-05-06,7.380000114440918,7.380000114440918,7.677999973297119,7.380000114440918,7.489999771118164,4100
2025-05-07,7.380000114440918,7.380000114440918,7.380000114440918,7.380000114440918,7.380000114440918,2400
2025-05-08,6.921000003814697,6.921000003814697,7.400000095367432,6.664000034332275,6.739999771118164,5800
2025-05-09,7.03000020980835,7.03000020980835,7.328000068664551,6.659999847412109,7.328000068664551,4500
2025-05-12,7.599999904632568,7.599999904632568,7.760000228881836,6.340000152587891,6.989999771118164,11100
2025-05-13,7.289999961853027,7.289999961853027,7.320000171661377,6.849999904632568,6.849999904632568,3400
2025-05-14,7.5,7.5,7.980000019073486,6.929999828338623,7.324999809265137,14400
2025-05-15,7.179999828338623,7.179999828338623,8.015999794006348,7.179999828338623,7.980000019073486,13900
2025-05-16,7.539999961853027,7.539999961853027,7.539999961853027,7.179999828338623,7.179999828338623,2300
2025-05-19,7.599999904632568,7.599999904632568,8.039999961853027,7.019999980926514,7.389999866485596,6300
2025-05-20,7.214000225067139,7.214000225067139,7.510000228881836,7.159999847412109,7.349999904632568,5000
2025-05-21,7.699999809265137,7.699999809265137,7.715000152587891,7.349999904632568,7.690000057220459,2400
2025-05-22,7.099999904632568,7.099999904632568,7.6479997634887695,6.646999835968018,7.6479997634887695,9300
2025-05-23,7.099999904632568,7.099999904632568,7.179999828338623,7.099999904632568,7.179999828338623,1400
2025-05-27,7.289999961853027,7.289999961853027,7.394999980926514,7.0,7.179999828338623,7100
2025-05-28,6.889999866485596,6.889999866485596,6.909999847412109,6.889999866485596,6.900000095367432,2900
2025-05-29,6.960000038146973,6.960000038146973,7.03000020980835,6.960000038146973,7.03000020980835,3600
2025-05-30,7.03000020980835,7.03000020980835,7.03000020980835,6.980000019073486,7.03000020980835,1600
2025-06-02,7.170000076293945,7.170000076293945,7.250999927520752,6.980000019073486,6.980000019073486,4900
2025-06-03,7.130000114440918,7.130000114440918,7.239999771118164,7.110000133514404,7.199999809265137,4400
2025-06-04,7.1020002365112305,7.1020002365112305,7.360000133514404,6.980000019073486,6.980000019073486,4500
2025-06-05,7.289999961853027,7.289999961853027,7.289999961853027,7.289999961853027,7.289999961853027,1700
2025-06-06,7.255000114440918,7.255000114440918,7.409999847412109,7.255000114440918,7.380000114440918,3600
2025-06-09,7.159999847412109,7.159999847412109,7.199999809265137,7.159999847412109,7.199999809265137,1200
2025-06-10,7.578000068664551,7.578000068664551,7.578000068664551,7.429999828338623,7.429999828338623,1500
2025-06-11,7.590000152587891,7.590000152587891,7.590000152587891,7.159999847412109,7.159999847412109,2000
2025-06-12,7.550000190734863,7.550000190734863,7.550000190734863,7.301000118255615,7.301000118255615,900
2025-06-13,7.25,7.25,7.369999885559082,7.25,7.369999885559082,2200
2025-06-16,7.572999954223633,7.572999954223633,7.572999954223633,7.572999954223633,7.572999954223633,900
2025-06-17,7.489999771118164,7.489999771118164,7.519999980926514,7.199999809265137,7.519999980926514,1700
2025-06-18,7.429999828338623,7.429999828338623,7.440000057220459,7.429999828338623,7.440000057220459,1000
2025-06-20,7.260000228881836,7.260000228881836,7.3420000076293945,7.110000133514404,7.110000133514404,3300
2025-06-23,7.480000019073486,7.480000019073486,7.590000152587891,7.480000019073486,7.590000152587891,1100
2025-06-24,7.420000076293945,7.420000076293945,7.449999809265137,7.300000190734863,7.449999809265137,3400
2025-06-25,7.590000152587891,7.590000152587891,8.380000114440918,6.980000019073486,7.304999828338623,253900
2025-06-26,7.449999809265137,7.449999809265137,7.449999809265137,7.353000164031982,7.353000164031982,1600
2025-06-27,6.980000019073486,6.980000019073486,7.449999809265137,6.980000019073486,7.416999816894531,3500
2025-06-30,7.388000011444092,7.388000011444092,7.388000011444092,6.9120001792907715,7.090000152587891,3000
2025-07-01,7.340000152587891,7.340000152587891,7.510000228881836,7.21999979019165,7.360000133514404,3100
2025-07-02,7.170000076293945,7.170000076293945,7.171999931335449,7.170000076293945,7.171999931335449,1400
2025-07-03,7.230999946594238,7.230999946594238,7.550000190734863,6.800000190734863,7.050000190734863,3400
2025-07-07,7.010000228881836,7.010000228881836,7.519999980926514,7.010000228881836,7.519999980926514,2400
2025-07-08,7.199999809265137,7.199999809265137,7.5,7.199999809265137,7.5,2000
2025-07-09,7.2820000648498535,7.2820000648498535,7.880000114440918,7.2820000648498535,7.380000114440918,2900
2025-07-10,7.730000019073486,7.730000019073486,7.803999900817871,7.519999980926514,7.519999980926514,2700
2025-07-11,64.16999816894531,64.16999816894531,76.0,20.200000762939453,21.06999969482422,47857700
2025-07-14,40.61000061035156,40.61000061035156,52.5,33.619998931884766,42.0099983215332,5049800
2025-07-15,28.010000228881836,28.010000228881836,34.5,27.520000457763672,32.900001525878906,1478600
2025-07-16,23.110000610351562,23.110000610351562,30.639999389648438,23.110000610351562,28.43000030517578,878700
2025-07-17,23.25,23.25,30.299999237060547,23.200000762939453,23.979999542236328,1859900
2025-07-18,20.309999465942383,20.309999465942383,24.0,20.139999389648438,23.209999084472656,683200
2025-07-21,19.799999237060547,19.799999237060547,22.34000015258789,18.670000076293945,21.5,518700
2025-07-22,21.049999237060547,21.049999237060547,21.450000762939453,19.719999313354492,20.56999969482422,213000
2025-07-23,20.059999465942383,20.059999465942383,21.5,19.399999618530273,20.93000030517578,184700
2025-07-24,19.0,19.0,20.0,18.540000915527344,19.270000457763672,139000
2025-07-25,18.559999465942383,18.559999465942383,20.25,18.559999465942383,18.790000915527344,124800
2025-07-28,18.709999084472656,18.709999084472656,19.610000610351562,18.3799991607666,18.665000915527344,333200
2025-07-29,16.700000762939453,16.700000762939453,19.075000762939453,16.02199935913086,18.43000030517578,155500
2025-07-30,16.540000915527344,16.540000915527344,17.68000030517578,16.399999618530273,16.5,135300
2025-07-31,15.15999984741211,15.15999984741211,16.937000274658203,15.079999923706055,16.0,179800
2025-08-01,14.720000267028809,14.720000267028809,16.049999237060547,14.361000061035156,16.049999237060547,83600
2025-08-04,13.220000267028809,13.220000267028809,15.210000038146973,13.220000267028809,15.119999885559082,322000
2025-08-05,14.529999732971191,14.529999732971191,14.899999618530273,12.6899995803833,12.6899995803833,219400
2025-08-06,13.0600004196167,13.0600004196167,14.670000076293945,12.779999732971191,14.520000457763672,128300
2025-08-07,12.65999984741211,12.65999984741211,13.329999923706055,12.300999641418457,13.010000228881836,124800
2025-08-08,12.0600004196167,12.0600004196167,12.890000343322754,11.600000381469727,12.65999984741211,176200
2025-08-11,12.220000267028809,12.220000267028809,12.338000297546387,11.699999809265137,12.020000457763672,63900
2025-08-12,14.199999809265137,14.199999809265137,14.289999961853027,11.710000038146973,11.859999656677246,156100
2025-08-13,17.5,17.5,18.0,14.220000267028809,14.470000267028809,307600
2025-08-14,15.319999694824219,15.319999694824219,15.979999542236328,13.100000381469727,13.100000381469727,275600
2025-08-15,14.90999984741211,14.90999984741211,18.16900062561035,14.90999984741211,17.489999771118164,189000
2025-08-18,14.619999885559082,14.619999885559082,15.0,13.899999618530273,14.550000190734863,86700
2025-08-19,14.699999809265137,14.699999809265137,15.484000205993652,14.3100004196167,14.529999732971191,100400
2025-08-20,14.470000267028809,14.470000267028809,15.241999626159668,14.25,14.75,41600
2025-08-21,14.949999809265137,14.949999809265137,15.479999542236328,14.350000381469727,14.350000381469727,29600
2025-08-22,14.899999618530273,14.899999618530273,15.635000228881836,14.760000228881836,14.949999809265137,39100
2025-08-25,14.569999694824219,14.569999694824219,15.65999984741211,14.569999694824219,14.819999694824219,17300
2025-08-26,15.149999618530273,15.149999618530273,15.479999542236328,14.40999984741211,14.430000305175781,33000
2025-08-27,15.979999542236328,15.979999542236328,16.149999618530273,15.149999618530273,15.265000343322754,43800
2025-08-28,14.819999694824219,14.819999694824219,16.299999237060547,14.75,16.299999237060547,40200
2025-08-29,14.239999771118164,14.239999771118164,15.119999885559082,14.140000343322754,14.789999961853027,53500
2025-09-02,13.859999656677246,13.859999656677246,15.260000228881836,13.539999961853027,14.579999923706055,37600
2025-09-03,14.074999809265137,14.074999809265137,14.9399995803833,13.859999656677246,14.149999618530273,72400
2025-09-04,13.75,13.75,14.444999694824219,13.112000465393066,13.859999656677246,52200
2025-09-05,14.800000190734863,14.800000190734863,15.260000228881836,13.399999618530273,13.760000228881836,51400
2025-09-08,15.829999923706055,15.829999923706055,16.200000762939453,14.789999961853027,14.789999961853027,69500
2025-09-09,15.359999656677246,15.359999656677246,16.010000228881836,14.949999809265137,15.5,38600
2025-09-10,15.289999961853027,15.289999961853027,15.949999809265137,14.970000267028809,15.170000076293945,62500
2025-09-11,14.649999618530273,14.649999618530273,15.5600004196167,14.649999618530273,15.34000015258789,30600
2025-09-12,14.399999618530273,14.399999618530273,14.980999946594238,14.100000381469727,14.649999618530273,37000
2025-09-15,14.270000457763672,14.270000457763672,14.510000228881836,14.0,14.289999961853027,28700
2025-09-16,14.59000015258789,14.59000015258789,14.680000305175781,14.0,14.272000312805176,22100
2025-09-17,14.239999771118164,14.239999771118164,15.08899974822998,14.239999771118164,14.449999809265137,32700
2025-09-18,15.350000381469727,15.350000381469727,15.579999923706055,14.40999984741211,14.40999984741211,42500
2025-09-19,15.09000015258789,15.09000015258789,15.920000076293945,14.619999885559082,15.920000076293945,44200
2025-09-22,16.299999237060547,16.299999237060547,16.979999542236328,15.050000190734863,15.050000190734863,113800
2025-09-23,14.920000076293945,14.920000076293945,16.841999053955078,14.819999694824219,15.949999809265137,55100
2025-09-24,14.34000015258789,14.34000015258789,15.375,14.319999694824219,14.890000343322754,24600
2025-09-25,13.609999656677246,13.609999656677246,14.923999786376953,13.609999656677246,14.699999809265137,44400
2025-09-26,13.960000038146973,13.960000038146973,14.800000190734863,13.619999885559082,14.300000190734863,58700
2025-09-29,13.699999809265137,13.699999809265137,14.385000228881836,13.699999809265137,14.130000114440918,21600
2025-09-30,14.0,14.0,14.050000190734863,13.524999618530273,13.699999809265137,36700
2025-10-01,14.65999984741211,14.65999984741211,14.979999542236328,13.550000190734863,13.550000190734863,37000
2025-10-02,15.460000038146973,15.460000038146973,15.550000190734863,14.300000190734863,14.649999618530273,37100
2025-10-03,15.015000343322754,15.015000343322754,15.423999786376953,14.5600004196167,14.869999885559082,31400
2025-10-06,15.1899995803833,15.1899995803833,16.0,14.9399995803833,14.9399995803833,32900
2025-10-07,14.899999618530273,14.899999618530273,15.180000305175781,14.100000381469727,15.079999923706055,37800
2025-10-08,14.59000015258789,14.59000015258789,15.350000381469727,14.319999694824219,14.359999656677246,31700
2025-10-09,14.550000190734863,14.550000190734863,14.994999885559082,14.538999557495117,14.600000381469727,39100
2025-10-10,14.0,14.0,14.850000381469727,13.850000381469727,14.619999885559082,37800
2025-10-13,14.09000015258789,14.09000015258789,14.489999771118164,13.949999809265137,14.050000190734863,17600
2025-10-14,14.149999618530273,14.149999618530273,14.270000457763672,13.920000076293945,14.029999732971191,59100
2025-10-15,14.779999732971191,14.779999732971191,14.897000312805176,13.812999725341797,14.149999618530273,29800
2025-10-16,14.4399995803833,14.4399995803833,15.0,14.399999618530273,14.760000228881836,22800
2025-10-17,14.0,14.0,14.305000305175781,13.869999885559082,14.100000381469727,8000
2025-10-20,14.770000457763672,14.770000457763672,14.84000015258789,14.180000305175781,14.229999542236328,29300
2025-10-21,14.869999885559082,14.869999885559082,15.350000381469727,14.347999572753906,14.579999923706055,29700
2025-10-22,14.050000190734863,14.050000190734863,14.972999572753906,14.0,14.869999885559082,15800
2025-10-23,14.15999984741211,14.15999984741211,14.510000228881836,14.050000190734863,14.050000190734863,9400
2025-10-24,14.975000381469727,14.975000381469727,15.25,14.010000228881836,14.399999618530273,30300
2025-10-27,14.539999961853027,14.539999961853027,14.852999687194824,14.055000305175781,14.779999732971191,16500
2025-10-28,14.194999694824219,14.194999694824219,14.406999588012695,14.010000228881836,14.34000015258789,10100
2025-10-29,14.010000228881836,14.010000228881836,14.45199966430664,13.899999618530273,14.0600004196167,14800
2025-10-30,13.850000381469727,13.850000381469727,14.350000381469727,13.609999656677246,14.210000038146973,30300
2025-10-31,14.039999961853027,14.039999961853027,14.239999771118164,13.90999984741211,14.09000015258789,28700
2025-11-03,13.449999809265137,13.449999809265137,14.25,13.350000381469727,14.25,24800
2025-11-04,12.8100004196167,12.8100004196167,13.460000038146973,12.680000305175781,13.449999809265137,23500
2025-11-05,13.069999694824219,13.069999694824219,14.0,12.75,12.9399995803833,28700
2025-11-06,13.65999984741211,13.65999984741211,13.680000305175781,13.225000381469727,13.279999732971191,12700
2025-11-07,13.229999542236328,13.229999542236328,13.75,13.130000114440918,13.649999618530273,26200
2025-11-10,13.774999618530273,13.774999618530273,14.204000473022461,13.229999542236328,13.5,38300
2025-11-11,13.65999984741211,13.65999984741211,14.189000129699707,13.559000015258789,14.189000129699707,8000
2025-11-12,13.680000305175781,13.680000305175781,14.180000305175781,13.470000267028809,13.930000305175781,9600
2025-11-13,13.220000267028809,13.220000267028809,14.149999618530273,13.085000038146973,13.90999984741211,18900
2025-11-14,12.75,12.75,13.119999885559082,12.399999618530273,13.0,19500
2025-11-17,12.0,12.0,12.899999618530273,12.0,12.899999618530273,23000
2025-11-18,11.3100004196167,11.3100004196167,11.869999885559082,10.795000076293945,11.8100004196167,46800
2025-11-19,11.020000457763672,11.020000457763672,11.586999893188477,10.75,11.479999542236328,13000
2025-11-20,10.880000114440918,10.880000114440918,11.991000175476074,10.6899995803833,11.0,31900
2025-11-21,10.5600004196167,10.5600004196167,11.300000190734863,10.510000228881836,10.609999656677246,18800
2025-11-24,11.020000457763672,11.020000457763672,11.1899995803833,10.579999923706055,10.579999923706055,9100
2025-11-25,10.90999984741211,10.90999984741211,11.260000228881836,10.539999961853027,10.710000038146973,18000
2025-11-26,11.15999984741211,11.15999984741211,11.520000457763672,10.984999656677246,10.984999656677246,7000
2025-11-28,10.510000228881836,10.510000228881836,11.390000343322754,10.510000228881836,11.390000343322754,12900
2025-12-01,11.09000015258789,11.09000015258789,11.600000381469727,10.600000381469727,10.729999542236328,18900
2025-12-02,10.720000267028809,10.720000267028809,11.100000381469727,10.720000267028809,10.770000457763672,7400
2025-12-03,10.930000305175781,10.930000305175781,11.0600004196167,10.720000267028809,10.720000267028809,7800
2025-12-04,12.350000381469727,12.350000381469727,12.5,10.510000228881836,10.920000076293945,36500
2025-12-05,11.5,11.5,12.380000114440918,11.5,12.270000457763672,20000
2025-12-08,12.010000228881836,12.010000228881836,12.140000343322754,11.479999542236328,11.619999885559082,12700
2025-12-09,12.989999771118164,12.989999771118164,13.199999809265137,11.510000228881836,12.489999771118164,45400
2025-12-10,12.739999771118164,12.739999771118164,13.34000015258789,12.359000205993652,13.170000076293945,26200
2025-12-11,12.550000190734863,12.550000190734863,12.779999732971191,12.300000190734863,12.779999732971191,12900
2025-12-12,12.420000076293945,12.420000076293945,12.824999809265137,12.25,12.6899995803833,11400
2025-12-15,12.180000305175781,12.180000305175781,12.604999542236328,12.119999885559082,12.5600004196167,29000
2025-12-16,11.960000038146973,11.960000038146973,12.680000305175781,11.550000190734863,12.130000114440918,42700
2025-12-17,11.710000038146973,11.710000038146973,12.369999885559082,11.710000038146973,11.90999984741211,21000
2025-12-18,11.529999732971191,11.529999732971191,11.932999610900879,11.5,11.932999610900879,7900
2025-12-19,11.59000015258789,11.59000015258789,11.90999984741211,10.989999771118164,11.58899974822998,32100
2025-12-22,11.65999984741211,11.65999984741211,12.272000312805176,11.65999984741211,12.149999618530273,9600
2025-12-23,12.039999961853027,12.039999961853027,12.234999656677246,11.329999923706055,11.329999923706055,14300
2025-12-24,11.899999618530273,11.899999618530273,12.3100004196167,11.880000114440918,12.3100004196167,38000
2025-12-26,11.949999809265137,11.949999809265137,12.149999618530273,11.800000190734863,11.989999771118164,7400
2025-12-29,12.119999885559082,12.119999885559082,12.140000343322754,11.699999809265137,11.710000038146973,30000
2025-12-30,11.319999694824219,11.319999694824219,11.670000076293945,10.84000015258789,10.970000267028809,21600
2025-12-31,11.149999618530273,11.149999618530273,11.369999885559082,11.069999694824219,11.1899995803833,8500
2026-01-02,11.119999885559082,11.119999885559082,11.288000106811523,10.880000114440918,10.989999771118164,6800
2026-01-05,12.0600004196167,12.0600004196167,12.119999885559082,10.979999542236328,10.979999542236328,10600
2026-01-06,12.039999961853027,12.039999961853027,12.178999900817871,11.850000381469727,12.0600004196167,5700
2026-01-07,12.614999771118164,12.614999771118164,12.614999771118164,12.100000381469727,12.100000381469727,14900
2026-01-08,12.399999618530273,12.399999618530273,12.494000434875488,12.239999771118164,12.489999771118164,10300
2026-01-09,12.399999618530273,12.399999618530273,12.649999618530273,12.3100004196167,12.649999618530273,12100
2026-01-12,12.0,12.0,12.654999732971191,12.0,12.220000267028809,6000
2026-01-13,11.800000190734863,11.800000190734863,12.0,11.800000190734863,12.0,10200
2026-01-14,11.720000267028809,11.720000267028809,11.800000190734863,11.420000076293945,11.699999809265137,4000
2026-01-15,11.829999923706055,11.829999923706055,12.3100004196167,11.279999732971191,11.75,16900
2026-01-16,11.960000038146973,11.960000038146973,12.0600004196167,11.630000114440918,11.819999694824219,4200
2026-01-20,11.819999694824219,11.819999694824219,12.274999618530273,11.819999694824219,11.949999809265137,10400
2026-01-21,12.279999732971191,12.279999732971191,12.350000381469727,11.90999984741211,12.09000015258789,7800
2026-01-22,12.359999656677246,12.359999656677246,12.5,12.16100025177002,12.16100025177002,8900
2026-01-23,12.5,12.5,12.52400016784668,11.562999725341797,12.119999885559082,14000
2026-01-26,12.779999732971191,12.779999732971191,12.779999732971191,12.11299991607666,12.149999618530273,13200
2026-01-27,12.829999923706055,12.829999923706055,12.829999923706055,12.489999771118164,12.489999771118164,11200
2026-01-28,12.539999961853027,12.539999961853027,12.899999618530273,12.40999984741211,12.420000076293945,12100
2026-01-29,12.244999885559082,12.244999885559082,12.739999771118164,11.9350004196167,12.739999771118164,18100
2026-01-30,11.779999732971191,11.779999732971191,12.170000076293945,11.779999732971191,11.960000038146973,20000
2026-02-02,11.619999885559082,11.619999885559082,11.75,11.510000228881836,11.75,8200
2026-02-03,11.220000267028809,11.220000267028809,11.640000343322754,10.989999771118164,11.619999885559082,12300
2026-02-04,11.46500015258789,11.46500015258789,11.46500015258789,11.170000076293945,11.170000076293945,10300
2026-02-05,11.020000457763672,11.020000457763672,11.357999801635742,10.970000267028809,11.3100004196167,13600
2026-02-06,10.970000267028809,10.970000267028809,11.350000381469727,10.824999809265137,11.187000274658203,12700
2026-02-09,11.010000228881836,11.010000228881836,11.479999542236328,10.970000267028809,10.970000267028809,5500
2026-02-10,11.1899995803833,11.1899995803833,11.460000038146973,11.010000228881836,11.449999809265137,4100
2026-02-11,11.050000190734863,11.050000190734863,11.380999565124512,10.979999542236328,11.1899995803833,3800
2026-02-12,11.039999961853027,11.039999961853027,11.270999908447266,10.989999771118164,11.215999603271484,6000
2026-02-13,11.039999961853027,11.039999961853027,11.204999923706055,11.0,11.0,5700
2026-02-17,11.180000305175781,11.180000305175781,11.180000305175781,10.960000038146973,11.029999732971191,6100
2026-02-18,11.0,11.0,11.180000305175781,10.989999771118164,11.100000381469727,2900
2026-02-19,11.1899995803833,11.1899995803833,11.359999656677246,11.0,11.0,4600
2026-02-20,11.369999885559082,11.369999885559082,11.5649995803833,11.10200023651123,11.199999809265137,6400
2026-02-23,11.229999542236328,11.229999542236328,11.649999618530273,11.15999984741211,11.15999984741211,3100
2026-02-24,11.470000267028809,11.470000267028809,11.550000190734863,11.25,11.444999694824219,6100
2026-02-25,11.496999740600586,11.496999740600586,11.5,11.300000190734863,11.300000190734863,6600
2026-02-26,11.029999732971191,11.029999732971191,11.371999740600586,10.989999771118164,11.34000015258789,2700
2026-02-27,10.949999809265137,10.949999809265137,11.479999542236328,10.8100004196167,11.479999542236328,4800
2026-03-02,10.899999618530273,10.899999618530273,11.039999961853027,10.720000267028809,10.720000267028809,4200
2026-03-03,10.640000343322754,10.640000343322754,10.824999809265137,10.595000267028809,10.680000305175781,6800
2026-03-04,10.90999984741211,10.90999984741211,10.930000305175781,10.640000343322754,10.640000343322754,1700
2026-03-05,10.949999809265137,10.949999809265137,10.949999809265137,10.529999732971191,10.920000076293945,4000
2026-03-06,10.279999732971191,10.279999732971191,10.725000381469727,10.170000076293945,10.609000205993652,6200
2026-03-09,10.449999809265137,10.449999809265137,10.619999885559082,10.229999542236328,10.229999542236328,6500
2026-03-10,13.510000228881836,13.510000228881836,16.927000045776367,12.699999809265137,15.710000038146973,15908000
2026-03-11,11.180000305175781,11.180000305175781,11.680000305175781,10.680000305175781,11.619999885559082,385800
2026-03-12,10.279999732971191,10.279999732971191,10.788000106811523,10.279999732971191,10.390000343322754,141000
2026-03-13,9.739999771118164,9.739999771118164,10.170000076293945,9.5,10.0,112600
2026-03-16,9.119999885559082,9.119999885559082,10.0600004196167,9.020000457763672,9.600000381469727,110600
2026-03-17,9.569999694824219,9.569999694824219,10.114999771118164,9.100000381469727,9.100000381469727,79900
2026-03-18,9.460000038146973,9.460000038146973,10.0,9.25,9.539999961853027,62700
2026-03-19,9.739999771118164,9.739999771118164,9.739999771118164,8.86400032043457,9.25,50400
2026-03-20,9.40999984741211,9.40999984741211,9.609999656677246,9.279999732971191,9.5,28300
2026-03-23,8.819999694824219,8.819999694824219,9.329999923706055,8.555000305175781,9.029999732971191,73300
2026-03-24,8.5600004196167,8.5600004196167,9.079999923706055,8.479999542236328,8.979999542236328,40400
2026-03-25,9.125,9.125,9.1899995803833,8.579000473022461,8.739999771118164,36800
2026-03-26,9.630000114440918,9.630000114440918,9.970000267028809,8.717000007629395,8.949999809265137,64400
2026-03-27,11.020000457763672,11.020000457763672,11.9399995803833,9.760000228881836,9.760000228881836,229900
2026-03-30,10.520000457763672,10.520000457763672,11.510000228881836,10.5,11.489999771118164,82800
2026-03-31,10.529999732971191,10.529999732971191,11.050999641418457,9.968999862670898,10.579999923706055,84200
2026-04-01,10.569999694824219,10.569999694824219,11.770000457763672,10.350000381469727,11.770000457763672,56000
2026-04-02,10.6899995803833,10.6899995803833,10.729999542236328,10.239999771118164,10.470000267028809,35500
2026-04-06,11.4399995803833,11.4399995803833,12.34000015258789,10.75,10.770000457763672,89500
2026-04-07,11.600000381469727,11.600000381469727,11.6899995803833,11.220000267028809,11.25,40700
2026-04-08,11.149999618530273,11.149999618530273,11.78499984741211,11.0,11.699999809265137,47000
2026-04-09,11.470000267028809,11.470000267028809,11.470000267028809,10.949999809265137,10.970000267028809,20600
2026-04-10,11.039999961853027,11.039999961853027,11.600000381469727,11.0,11.489999771118164,21500
2026-04-13,11.5600004196167,11.5600004196167,11.944999694824219,10.899999618530273,11.260000228881836,28100
2026-04-14,13.510000228881836,13.510000228881836,13.84000015258789,11.75,11.75,118600
2026-04-15,12.9399995803833,12.9399995803833,13.75,12.470000267028809,13.600000381469727,62100
2026-04-16,14.130000114440918,14.130000114440918,14.430000305175781,12.880000114440918,12.880000114440918,103700
2026-04-17,14.210000038146973,14.210000038146973,14.880000114440918,13.010000228881836,14.220000267028809,152100
2026-04-20,12.819999694824219,12.819999694824219,13.6899995803833,12.418999671936035,13.6899995803833,90900
2026-04-21,11.739999771118164,11.739999771118164,12.930000305175781,11.699999809265137,12.930000305175781,61200
2026-04-22,11.34000015258789,11.34000015258789,11.956000328063965,11.329999923706055,11.899999618530273,33400
2026-04-23,10.729999542236328,10.729999542236328,11.345000267028809,10.600000381469727,11.220000267028809,44600
2026-04-24,10.949999809265137,10.949999809265137,11.505999565124512,10.430000305175781,10.720000267028809,34900
2026-04-27,11.140000343322754,11.140000343322754,11.170000076293945,10.640999794006348,10.949999809265137,14200
2026-04-28,10.880000114440918,10.880000114440918,10.9350004196167,10.61299991607666,10.819999694824219,14600
2026-04-29,11.8100004196167,11.8100004196167,11.899999618530273,10.710000038146973,10.869999885559082,53300
2026-04-30,12.199999809265137,12.199999809265137,12.4399995803833,11.770000457763672,11.770000457763672,20600
2026-05-01,11.609999656677246,11.609999656677246,11.925000190734863,11.5,11.90999984741211,19700
2026-05-04,11.600000381469727,11.600000381469727,12.420000076293945,11.600000381469727,11.760000228881836,28300
2026-05-05,11.539999961853027,11.539999961853027,12.145000457763672,11.3149995803833,11.880000114440918,15600
2026-05-06,11.210000038146973,11.210000038146973,11.564000129699707,11.0,11.5,11200
2026-05-07,11.1899995803833,11.1899995803833,11.229999542236328,10.970000267028809,11.229999542236328,10300
2026-05-08,11.039999961853027,11.039999961853027,11.380000114440918,11.0,11.0,8300
2026-05-11,10.949999809265137,10.949999809265137,11.755000114440918,10.949999809265137,11.010000228881836,45400
2026-05-12,11.40999984741211,11.40999984741211,11.569999694824219,11.104999542236328,11.239999771118164,29800
2026-05-13,11.050000190734863,11.050000190734863,11.524999618530273,10.949999809265137,11.345000267028809,33900
2026-05-14,10.510000228881836,10.510000228881836,11.399999618530273,10.420000076293945,11.140000343322754,65500
2026-05-15,10.720000267028809,10.720000267028809,11.491999626159668,10.180999755859375,11.09000015258789,36300
2026-05-18,10.039999961853027,10.039999961853027,10.569999694824219,9.467000007629395,10.420000076293945,28200
2026-05-19,10.350000381469727,10.350000381469727,10.529999732971191,9.75,10.260000228881836,51100
2026-05-20,10.720000267028809,10.720000267028809,10.949999809265137,10.239999771118164,10.3100004196167,36200
2026-05-21,10.9399995803833,10.9399995803833,11.0,10.40999984741211,10.619999885559082,15400
2026-05-22,10.869999885559082,10.869999885559082,11.210000038146973,10.039999961853027,10.619999885559082,41800
2026-05-26,10.4399995803833,10.4399995803833,10.850000381469727,10.399999618530273,10.850000381469727,16500
2026-05-27,10.180000305175781,10.180000305175781,10.479999542236328,10.130000114440918,10.25,13100
2026-05-28,12.199999809265137,12.199999809265137,12.380000114440918,10.550000190734863,10.550000190734863,214600
2026-05-29,12.199999809265137,12.199999809265137,13.0,11.729999542236328,12.5,64000
2026-06-01,12.380000114440918,12.380000114440918,12.800000190734863,11.859999656677246,11.90999984741211,64800
2026-06-02,11.960000038146973,11.960000038146973,12.90999984741211,11.75,12.270000457763672,38100
2026-06-03,12.760000228881836,12.760000228881836,12.84000015258789,11.628999710083008,11.970000267028809,37700
2026-06-04,12.75,12.75,13.399999618530273,11.84000015258789,12.470000267028809,36400
2026-06-05,11.869999885559082,11.869999885559082,12.88599967956543,11.489999771118164,12.65999984741211,51500
2026-06-08,11.34000015258789,11.34000015258789,11.694999694824219,11.038999557495117,11.630000114440918,21500
2026-06-09,11.819999694824219,11.819999694824219,12.029999732971191,11.342000007629395,11.59000015258789,29000
2026-06-10,12.1899995803833,12.1899995803833,12.484999656677246,11.774999618530273,11.899999618530273,27900
2026-06-11,12.335000038146973,12.335000038146973,12.550000190734863,11.623000144958496,11.649999618530273,108800
2026-06-12,12.020000457763672,12.020000457763672,12.680000305175781,11.800000190734863,12.550000190734863,28200
2026-06-15,12.53499984741211,12.53499984741211,12.720000267028809,11.960000038146973,12.289999961853027,27500
2026-06-16,11.8100004196167,11.8100004196167,12.5600004196167,11.670000076293945,12.479999542236328,23100
2026-06-17,12.210000038146973,12.210000038146973,12.62600040435791,11.8100004196167,11.8100004196167,22800
2026-06-18,12.140000343322754,12.140000343322754,12.444999694824219,11.859999656677246,12.069999694824219,16500
2026-06-22,12.25,12.25,12.510000228881836,12.010000228881836,12.329999923706055,19800
2026-06-23,12.329999923706055,12.329999923706055,12.579999923706055,11.880000114440918,11.880000114440918,22800
2026-06-24,12.109999656677246,12.109999656677246,12.550000190734863,12.010000228881836,12.5,7000
2026-06-25,11.3100004196167,11.3100004196167,12.069999694824219,11.3100004196167,11.920000076293945,14600
2026-06-26,11.640000343322754,11.640000343322754,11.970000267028809,11.100000381469727,11.520000457763672,34500
2026-06-29,11.90999984741211,11.90999984741211,12.029999732971191,11.625,11.819999694824219,14000
2026-06-30,11.6899995803833,11.6899995803833,12.16100025177002,11.635000228881836,11.770000457763672,11500
2026-07-01,11.460000038146973,11.460000038146973,11.730999946594238,11.163999557495117,11.510000228881836,12700
2026-07-02,11.670000076293945,11.670000076293945,11.949999809265137,11.569999694824219,11.699999809265137,7600
2026-07-06,11.5600004196167,11.5600004196167,11.970000267028809,11.420000076293945,11.550000190734863,9000
2026-07-07,10.619999885559082,10.619999885559082,11.510000228881836,10.619999885559082,11.510000228881836,16900
2026-07-08,10.550000190734863,10.550000190734863,11.0,10.550000190734863,10.609999656677246,12300
2026-07-09,11.460000038146973,11.460000038146973,11.529999732971191,10.479999542236328,10.479999542236328,35900
2026-07-10,11.050000190734863,11.050000190734863,11.5600004196167,11.03499984741211,11.529999732971191,18400
2026-07-13,11.149999618530273,11.149999618530273,11.48799991607666,10.720000267028809,10.720000267028809,10500
2026-07-14,11.40999984741211,11.40999984741211,11.600000381469727,11.149999618530273,11.199999809265137,11700
2026-07-15,11.09000015258789,11.09000015258789,11.579999923706055,10.899999618530273,11.579999923706055,10500
2026-07-16,10.8100004196167,10.8100004196167,11.255999565124512,10.789999961853027,11.255999565124512,9300
2026-07-17,10.65999984741211,10.65999984741211,10.989999771118164,10.434000015258789,10.760000228881836,25300
2026-07-20,10.770000457763672,10.770000457763672,10.8100004196167,10.489999771118164,10.489999771118164,4100
2026-07-21,11.069999694824219,11.069999694824219,11.300000190734863,10.529999732971191,10.529999732971191,8700
2026-07-22,10.239999771118164,10.239999771118164,11.17300033569336,10.210000038146973,11.17300033569336,12800
2026-07-23,10.484999656677246,10.484999656677246,10.484999656677246,10.484999656677246,10.484999656677246,2649
